-- phpMyAdmin SQL Dump
-- version 4.1.14
-- http://www.phpmyadmin.net
--
-- Host: 127.0.0.1
-- Generation Time: Nov 05, 2016 at 12:47 PM
-- Server version: 5.6.17
-- PHP Version: 5.5.12

SET SQL_MODE = "NO_AUTO_VALUE_ON_ZERO";
SET time_zone = "+00:00";


/*!40101 SET @OLD_CHARACTER_SET_CLIENT=@@CHARACTER_SET_CLIENT */;
/*!40101 SET @OLD_CHARACTER_SET_RESULTS=@@CHARACTER_SET_RESULTS */;
/*!40101 SET @OLD_COLLATION_CONNECTION=@@COLLATION_CONNECTION */;
/*!40101 SET NAMES utf8 */;

--
-- Database: `coerr_system_mgr`
--

-- --------------------------------------------------------

--
-- Table structure for table `groups`
--

CREATE TABLE IF NOT EXISTS `groups` (
  `id` int(11) NOT NULL AUTO_INCREMENT,
  `name` varchar(100) COLLATE utf8_bin DEFAULT NULL,
  `group` varchar(100) COLLATE utf8_bin DEFAULT NULL,
  `permission` varchar(255) COLLATE utf8_bin DEFAULT NULL,
  PRIMARY KEY (`id`)
) ENGINE=InnoDB  DEFAULT CHARSET=utf8 COLLATE=utf8_bin AUTO_INCREMENT=5 ;

--
-- Dumping data for table `groups`
--

INSERT INTO `groups` (`id`, `name`, `group`, `permission`) VALUES
(1, 'Administrator', 'Administrator', '{"admin": 1}'),
(2, 'Moderator', 'Moderator', '{"moderator": 1}'),
(3, 'Editor', 'Editor', '{"editor": 1}'),
(4, 'User', 'User', '{"user": 1}');

-- --------------------------------------------------------

--
-- Table structure for table `tblattendent`
--

CREATE TABLE IF NOT EXISTS `tblattendent` (
  `study_id` bigint(20) NOT NULL,
  `status` tinyint(2) DEFAULT NULL,
  `le_time` varchar(9) COLLATE utf8_bin NOT NULL,
  `date` date NOT NULL,
  `reason` varchar(255) COLLATE utf8_bin DEFAULT NULL,
  PRIMARY KEY (`study_id`,`date`),
  KEY `student_id` (`study_id`) USING BTREE
) ENGINE=InnoDB DEFAULT CHARSET=utf8 COLLATE=utf8_bin;

--
-- Dumping data for table `tblattendent`
--

INSERT INTO `tblattendent` (`study_id`, `status`, `le_time`, `date`, `reason`) VALUES
(1, 1, '', '2015-03-18', ''),
(3, 1, '', '2015-01-14', ''),
(3, 1, '', '2015-02-12', ''),
(3, 1, '', '2015-03-05', ''),
(3, 1, '', '2015-03-10', ''),
(16, 2, '', '2015-03-18', ''),
(18, 1, '', '2015-01-14', ''),
(18, 1, '', '2015-02-12', ''),
(18, 1, '', '2015-03-05', ''),
(18, 1, '', '2015-03-10', ''),
(19, 1, '', '2015-01-14', ''),
(19, 1, '', '2015-02-12', ''),
(19, 1, '', '2015-03-05', ''),
(19, 1, '', '2015-03-10', ''),
(22, 1, '', '2015-01-14', ''),
(22, 1, '', '2015-02-12', ''),
(22, 1, '', '2015-03-05', ''),
(22, 1, '', '2015-03-10', ''),
(22, 1, '', '2015-03-18', ''),
(23, 1, '', '2015-01-14', ''),
(23, 1, '', '2015-02-12', ''),
(23, 1, '', '2015-03-05', ''),
(23, 1, '', '2015-03-10', ''),
(23, 1, '', '2015-03-18', ''),
(24, 1, '', '2015-03-18', ''),
(30, 1, '', '2015-01-07', ''),
(30, 1, '', '2015-01-13', ''),
(30, 1, '', '2015-02-18', ''),
(33, 1, '', '2015-01-07', ''),
(33, 1, '', '2015-01-13', ''),
(33, 1, '', '2015-02-18', ''),
(35, 1, '', '2015-04-08', ''),
(35, 1, '', '2015-04-15', ''),
(35, 1, '', '2015-04-28', ''),
(37, 2, '', '2015-01-07', ''),
(37, 2, '', '2015-01-13', ''),
(37, 2, '', '2015-02-18', ''),
(38, 1, '', '2015-04-08', ''),
(38, 1, '', '2015-04-15', ''),
(38, 1, '', '2015-04-28', ''),
(40, 2, '', '2015-01-07', ''),
(40, 2, '', '2015-01-13', ''),
(40, 2, '', '2015-02-18', ''),
(45, 1, '', '2015-01-07', ''),
(45, 1, '', '2015-01-13', ''),
(45, 1, '', '2015-02-18', ''),
(46, 1, '', '2015-04-08', ''),
(46, 1, '', '2015-04-15', ''),
(46, 1, '', '2015-04-28', ''),
(48, 1, '', '2015-04-08', ''),
(48, 1, '', '2015-04-15', ''),
(48, 1, '', '2015-04-28', ''),
(52, 1, '', '2015-07-15', ''),
(52, 1, '', '2015-07-21', ''),
(52, 1, '', '2015-07-30', ''),
(52, 1, '', '2015-08-18', ''),
(52, 1, '', '2015-08-27', ''),
(53, 2, '', '2015-07-22', ''),
(53, 2, '', '2015-08-12', ''),
(53, 2, '', '2015-08-18', ''),
(53, 2, '', '2015-08-27', ''),
(53, 2, '', '2015-09-23', ''),
(54, 1, '', '2015-09-24', ''),
(54, 1, '', '2015-10-22', ''),
(54, 1, '', '2015-11-18', ''),
(54, 1, '', '2015-12-22', ''),
(54, 1, '', '2016-01-19', ''),
(56, 2, '', '2015-07-15', ''),
(56, 2, '', '2015-07-21', ''),
(56, 2, '', '2015-07-30', ''),
(56, 2, '', '2015-08-18', ''),
(56, 2, '', '2015-08-27', ''),
(56, 1, '', '2015-09-24', ''),
(56, 1, '', '2015-10-22', ''),
(56, 1, '', '2015-11-18', ''),
(56, 1, '', '2015-12-22', ''),
(56, 1, '', '2016-01-19', ''),
(58, 1, '', '2015-07-22', ''),
(58, 1, '', '2015-08-12', ''),
(58, 1, '', '2015-08-18', ''),
(58, 1, '', '2015-08-27', ''),
(58, 1, '', '2015-09-23', ''),
(62, 2, '', '2015-09-24', ''),
(62, 2, '', '2015-10-22', ''),
(62, 2, '', '2015-11-18', ''),
(62, 2, '', '2015-12-22', ''),
(62, 2, '', '2016-01-19', ''),
(63, 1, '', '2015-07-22', ''),
(63, 1, '', '2015-08-12', ''),
(63, 1, '', '2015-08-18', ''),
(63, 1, '', '2015-08-27', ''),
(63, 1, '', '2015-09-23', ''),
(65, 3, '', '2015-07-15', ''),
(65, 3, '', '2015-07-21', ''),
(65, 3, '', '2015-07-30', ''),
(65, 3, '', '2015-08-18', ''),
(65, 3, '', '2015-08-27', ''),
(69, 1, '', '2015-09-24', ''),
(69, 1, '', '2015-10-22', ''),
(69, 1, '', '2015-11-18', ''),
(69, 1, '', '2015-12-22', ''),
(69, 1, '', '2016-01-19', ''),
(70, 1, '', '2015-07-15', ''),
(70, 1, '', '2015-07-21', ''),
(70, 1, '', '2015-07-30', ''),
(70, 1, '', '2015-08-18', ''),
(70, 1, '', '2015-08-27', ''),
(71, 1, '', '2015-07-22', ''),
(71, 1, '', '2015-08-12', ''),
(71, 1, '', '2015-08-18', ''),
(71, 1, '', '2015-08-27', ''),
(71, 1, '', '2015-09-23', ''),
(73, 2, '', '2015-07-15', ''),
(73, 2, '', '2015-07-21', ''),
(73, 2, '', '2015-07-30', ''),
(73, 2, '', '2015-08-18', ''),
(73, 2, '', '2015-08-27', ''),
(73, 2, '', '2015-09-24', ''),
(73, 2, '', '2015-10-22', ''),
(73, 2, '', '2015-11-18', ''),
(73, 2, '', '2015-12-22', ''),
(73, 2, '', '2016-01-19', ''),
(100, 1, '', '2015-12-16', ''),
(100, 1, '', '2016-01-13', ''),
(100, 1, '', '2016-01-26', ''),
(100, 1, '', '2016-02-10', ''),
(100, 1, '', '2016-02-15', ''),
(100, 1, '', '2016-02-23', ''),
(101, 2, '', '2015-09-15', ''),
(101, 2, '', '2015-09-23', ''),
(101, 2, '', '2015-09-28', ''),
(101, 2, '', '2015-10-14', ''),
(101, 2, '', '2015-10-21', ''),
(101, 2, '', '2015-10-29', ''),
(101, 2, '', '2015-11-18', ''),
(101, 2, '', '2015-12-14', ''),
(102, 1, '', '2015-12-16', ''),
(102, 1, '', '2016-01-13', ''),
(102, 1, '', '2016-01-26', ''),
(102, 1, '', '2016-02-10', ''),
(102, 1, '', '2016-02-15', ''),
(102, 1, '', '2016-02-23', ''),
(103, 1, '', '2015-12-16', ''),
(103, 1, '', '2016-01-13', ''),
(103, 1, '', '2016-01-26', ''),
(103, 1, '', '2016-02-10', ''),
(103, 1, '', '2016-02-15', ''),
(103, 1, '', '2016-02-23', ''),
(105, 2, '', '2015-09-15', ''),
(105, 2, '', '2015-09-23', ''),
(105, 2, '', '2015-09-28', ''),
(105, 2, '', '2015-10-14', ''),
(105, 2, '', '2015-10-21', ''),
(105, 2, '', '2015-10-29', ''),
(105, 2, '', '2015-11-18', ''),
(105, 2, '', '2015-12-14', ''),
(109, 1, '', '2015-12-16', ''),
(109, 1, '', '2016-01-13', ''),
(109, 1, '', '2016-01-26', ''),
(109, 1, '', '2016-02-10', ''),
(109, 1, '', '2016-02-15', ''),
(109, 1, '', '2016-02-23', ''),
(110, 1, '', '2015-12-16', ''),
(110, 1, '', '2016-01-13', ''),
(110, 1, '', '2016-01-26', ''),
(110, 1, '', '2016-02-10', ''),
(110, 1, '', '2016-02-15', ''),
(110, 1, '', '2016-02-23', ''),
(112, 1, '', '2015-09-15', ''),
(112, 1, '', '2015-09-23', ''),
(112, 1, '', '2015-09-28', ''),
(112, 1, '', '2015-10-14', ''),
(112, 1, '', '2015-10-21', ''),
(112, 1, '', '2015-10-29', ''),
(112, 1, '', '2015-11-18', ''),
(112, 1, '', '2015-12-14', ''),
(114, 1, '', '2015-09-15', ''),
(114, 1, '', '2015-09-23', ''),
(114, 1, '', '2015-09-28', ''),
(114, 1, '', '2015-10-14', ''),
(114, 1, '', '2015-10-21', ''),
(114, 1, '', '2015-10-29', ''),
(114, 1, '', '2015-11-18', ''),
(114, 1, '', '2015-12-14', ''),
(114, 1, '', '2015-12-16', ''),
(114, 1, '', '2016-01-13', ''),
(114, 1, '', '2016-01-26', ''),
(114, 1, '', '2016-02-10', ''),
(114, 1, '', '2016-02-15', ''),
(114, 1, '', '2016-02-23', ''),
(118, 1, '', '2015-12-16', ''),
(118, 1, '', '2016-01-13', ''),
(118, 1, '', '2016-01-26', ''),
(118, 1, '', '2016-02-10', ''),
(118, 1, '', '2016-02-15', ''),
(118, 1, '', '2016-02-23', ''),
(119, 1, '', '2015-09-15', ''),
(119, 1, '', '2015-09-23', ''),
(119, 1, '', '2015-09-28', ''),
(119, 1, '', '2015-10-14', ''),
(119, 1, '', '2015-10-21', ''),
(119, 1, '', '2015-10-29', ''),
(119, 1, '', '2015-11-18', ''),
(119, 1, '', '2015-12-14', ''),
(122, 1, '', '2015-12-16', ''),
(122, 1, '', '2016-01-13', ''),
(122, 1, '', '2016-01-26', ''),
(122, 1, '', '2016-02-10', ''),
(122, 1, '', '2016-02-15', ''),
(122, 1, '', '2016-02-23', ''),
(193, 2, '', '2015-12-15', ''),
(193, 2, '', '2015-12-29', ''),
(193, 2, '', '2016-01-19', ''),
(196, 1, '', '2014-12-16', ''),
(196, 1, '', '2014-12-25', ''),
(196, 1, '', '2015-01-23', ''),
(198, 1, '', '2015-01-06', ''),
(198, 1, '', '2015-01-20', ''),
(198, 1, '', '2015-01-23', ''),
(200, 1, '', '2014-12-16', ''),
(200, 1, '', '2014-12-25', ''),
(200, 1, '', '2015-01-23', ''),
(202, 2, '', '2015-01-06', ''),
(202, 2, '', '2015-01-20', ''),
(202, 2, '', '2015-01-23', ''),
(205, 1, '', '2014-12-16', ''),
(205, 1, '', '2014-12-25', ''),
(205, 1, '', '2015-01-23', ''),
(210, 1, '', '2014-12-16', ''),
(210, 1, '', '2014-12-25', ''),
(210, 1, '', '2015-01-23', ''),
(211, 2, '', '2015-01-20', ''),
(211, 2, '', '2015-01-23', ''),
(213, 1, '', '2014-12-16', ''),
(213, 1, '', '2014-12-25', ''),
(213, 1, '', '2015-01-23', ''),
(221, 1, '', '2015-09-16', ''),
(227, 1, '', '2015-09-16', ''),
(237, 1, '', '2016-01-19', ''),
(237, 1, '', '2016-01-27', ''),
(237, 1, '', '2016-02-11', ''),
(237, 1, '', '2016-02-17', ''),
(239, 2, '', '2015-12-15', ''),
(239, 2, '', '2015-12-29', ''),
(239, 2, '', '2016-01-19', ''),
(240, 1, '', '2016-01-19', ''),
(240, 1, '', '2016-01-27', ''),
(240, 1, '', '2016-02-11', ''),
(240, 1, '', '2016-02-17', ''),
(242, 1, '', '2015-12-15', ''),
(242, 1, '', '2015-12-29', ''),
(242, 1, '', '2016-01-19', ''),
(243, 1, '', '2016-01-19', ''),
(243, 1, '', '2016-01-27', ''),
(243, 1, '', '2016-02-11', ''),
(243, 1, '', '2016-02-17', ''),
(246, 1, '', '2016-01-19', ''),
(246, 1, '', '2016-01-27', ''),
(246, 1, '', '2016-02-11', ''),
(246, 1, '', '2016-02-17', ''),
(254, 1, '', '2015-12-15', ''),
(254, 1, '', '2015-12-29', ''),
(254, 1, '', '2016-01-19', ''),
(254, 1, '', '2016-01-27', ''),
(254, 1, '', '2016-02-11', ''),
(254, 1, '', '2016-02-17', ''),
(256, 1, '', '2015-12-15', ''),
(256, 1, '', '2015-12-29', ''),
(256, 1, '', '2016-01-19', ''),
(257, 1, '', '2016-01-19', ''),
(257, 1, '', '2016-01-27', ''),
(257, 1, '', '2016-02-11', ''),
(257, 1, '', '2016-02-17', '');

-- --------------------------------------------------------

--
-- Table structure for table `tblbreach`
--

CREATE TABLE IF NOT EXISTS `tblbreach` (
  `id` smallint(6) NOT NULL AUTO_INCREMENT,
  `name` varchar(100) COLLATE utf8_bin DEFAULT NULL,
  `description` varchar(255) COLLATE utf8_bin DEFAULT NULL,
  PRIMARY KEY (`id`)
) ENGINE=InnoDB  DEFAULT CHARSET=utf8 COLLATE=utf8_bin AUTO_INCREMENT=4 ;

--
-- Dumping data for table `tblbreach`
--

INSERT INTO `tblbreach` (`id`, `name`, `description`) VALUES
(1, 'COERR1', 'Ta Dom Bong Kru Nhoung Breach'),
(2, 'COERR2', 'Pur Ti Vong Breach'),
(3, 'BLSC', '');

-- --------------------------------------------------------

--
-- Table structure for table `tblclass`
--

CREATE TABLE IF NOT EXISTS `tblclass` (
  `id` bigint(20) NOT NULL AUTO_INCREMENT,
  `semester_id` int(11) DEFAULT NULL,
  `staff_id` int(11) DEFAULT NULL,
  `room_id` int(11) DEFAULT NULL,
  `level_id` int(11) DEFAULT NULL,
  `time_id` int(11) DEFAULT NULL,
  `breach_id` smallint(6) DEFAULT NULL,
  `description` varchar(255) COLLATE utf8_bin DEFAULT NULL,
  PRIMARY KEY (`id`),
  KEY `staff_id` (`staff_id`) USING BTREE,
  KEY `time_id` (`time_id`) USING BTREE,
  KEY `room_id` (`room_id`) USING BTREE,
  KEY `level_id` (`level_id`) USING BTREE,
  KEY `breach_id` (`breach_id`) USING BTREE,
  KEY `semester_id` (`semester_id`) USING BTREE
) ENGINE=InnoDB  DEFAULT CHARSET=utf8 COLLATE=utf8_bin AUTO_INCREMENT=61 ;

--
-- Dumping data for table `tblclass`
--

INSERT INTO `tblclass` (`id`, `semester_id`, `staff_id`, `room_id`, `level_id`, `time_id`, `breach_id`, `description`) VALUES
(1, 4, 5, 2, 8, 4, 1, ''),
(2, 4, 5, 2, 9, 3, 1, ''),
(3, 4, 11, 6, 6, 3, 1, 'conflig'),
(4, 4, 9, 6, 9, 7, 1, ''),
(5, 4, 6, 3, 1, 15, 1, 'weekend class'),
(6, 4, 7, 6, 6, 4, 1, ''),
(15, 4, 9, 8, 3, 1, 1, ''),
(16, 4, 14, 3, 7, 4, 2, ''),
(18, 4, 8, 2, 9, 9, 2, 'just change room'),
(19, 4, 4, 1, 7, 3, 1, ''),
(20, 4, 36, 8, 3, 4, 1, ''),
(21, 4, 50, 7, 2, 9, 1, ''),
(22, 4, 53, 7, 2, 5, 1, ''),
(23, 4, 51, 10, 10, 4, 1, ''),
(24, 4, 32, 11, 10, 5, 1, ''),
(25, 4, 32, 10, 11, 16, 1, ''),
(26, 4, 14, 3, 7, 3, 2, NULL),
(27, 4, 8, 2, 9, 4, 2, ''),
(28, 4, 4, 1, 7, 8, 2, ''),
(29, 4, 36, 8, 3, 15, 2, NULL),
(30, 4, 50, 7, 2, 4, 2, NULL),
(31, 4, 53, 7, 2, 5, 2, ''),
(32, 4, 51, 10, 10, 4, 2, ''),
(33, 4, 32, 11, 10, 10, 2, ''),
(34, 4, 32, 10, 11, 17, 2, ''),
(35, 3, 32, 10, 11, 4, 2, NULL),
(36, 3, 5, 2, 8, 3, 1, ''),
(37, 3, 5, 2, 9, 9, 1, ''),
(38, 3, 11, 6, 6, 3, 1, NULL),
(39, 3, 9, 6, 9, 7, 1, NULL),
(40, 3, 6, 3, 1, 15, 1, NULL),
(41, 3, 7, 6, 6, 4, 1, NULL),
(42, 3, 9, 8, 3, 1, 1, NULL),
(43, 3, 14, 3, 7, 7, 2, NULL),
(44, 3, 8, 2, 9, 5, 2, NULL),
(45, 3, 4, 1, 7, 3, 1, NULL),
(46, 3, 36, 8, 3, 4, 1, NULL),
(47, 3, 50, 7, 2, 9, 1, NULL),
(48, 3, 53, 7, 2, 5, 1, NULL),
(49, 3, 51, 10, 10, 4, 1, NULL),
(50, 3, 32, 11, 10, 5, 1, NULL),
(51, 3, 32, 10, 11, 16, 1, NULL),
(52, 3, 14, 3, 7, 3, 2, NULL),
(53, 3, 8, 2, 9, 3, 2, NULL),
(54, 3, 4, 1, 7, 7, 2, NULL),
(55, 3, 36, 8, 3, 15, 2, NULL),
(56, 3, 50, 7, 2, 4, 2, NULL),
(57, 3, 53, 7, 2, 1, 2, NULL),
(58, 3, 51, 10, 10, 7, 2, NULL),
(59, 3, 32, 11, 10, 5, 2, NULL),
(60, 3, 25, 2, 8, 4, 1, '');

-- --------------------------------------------------------

--
-- Table structure for table `tbllevel`
--

CREATE TABLE IF NOT EXISTS `tbllevel` (
  `id` int(11) NOT NULL AUTO_INCREMENT,
  `lv` varchar(55) COLLATE utf8_bin DEFAULT NULL,
  `lv_price` float DEFAULT NULL,
  `description` varchar(255) COLLATE utf8_bin DEFAULT NULL,
  PRIMARY KEY (`id`)
) ENGINE=InnoDB  DEFAULT CHARSET=utf8 COLLATE=utf8_bin AUTO_INCREMENT=17 ;

--
-- Dumping data for table `tbllevel`
--

INSERT INTO `tbllevel` (`id`, `lv`, `lv_price`, `description`) VALUES
(1, 'Level 5', 45, 'this price for old student only'),
(2, 'Level 6', 45, 'this price for old student only'),
(3, 'Level 7', 45, 'this price for old student only'),
(4, 'Level 4A', 45, 'this price for old student only'),
(5, 'Level 4B', 45, 'this price for old student only'),
(6, 'Level 4', 45, 'this price for old student and 15+ only'),
(7, 'Level 1', 45, 'this price for old student only'),
(8, 'Level 2', 45, 'this price for old student only'),
(9, 'Level 3', 45, 'this price for old student only'),
(10, 'Level 8', 45, ''),
(11, 'Level 9', 60, ''),
(12, 'Level 10', 60, ''),
(13, 'Level 11', 60, ''),
(14, 'Level 12', 60, ''),
(15, 'Level 1A', 45, ''),
(16, 'Level 1B', 45, '');

-- --------------------------------------------------------

--
-- Table structure for table `tbllog`
--

CREATE TABLE IF NOT EXISTS `tbllog` (
  `id` bigint(20) NOT NULL AUTO_INCREMENT,
  `user_id` int(11) DEFAULT NULL,
  `date` datetime DEFAULT NULL,
  `action` varchar(255) COLLATE utf8_bin DEFAULT NULL,
  PRIMARY KEY (`id`),
  KEY `user_id` (`user_id`) USING BTREE
) ENGINE=InnoDB  DEFAULT CHARSET=utf8 COLLATE=utf8_bin AUTO_INCREMENT=164 ;

--
-- Dumping data for table `tbllog`
--

INSERT INTO `tbllog` (`id`, `user_id`, `date`, `action`) VALUES
(1, 2, '2016-07-06 05:13:02', 'Insert new user'),
(2, 2, '2016-07-06 05:21:10', 'Insert new user'),
(8, 2, '2016-07-07 01:01:43', 'Update a user info.'),
(9, 2, '2016-07-08 10:50:14', 'Insert a new user.'),
(10, 2, '2016-07-08 10:52:40', 'Insert a new user.'),
(11, 2, '2016-07-08 10:53:03', 'Delete a user info.'),
(12, 2, '2016-07-08 11:10:02', 'Insert a new user.'),
(13, 1, '2016-07-09 02:23:51', 'Arrange a new class.'),
(14, 1, '2016-07-09 02:25:15', 'Arrange a new class.'),
(15, 1, '2016-07-09 02:26:50', 'Arrange a new class.'),
(16, 1, '2016-07-09 02:27:50', 'Arrange a new class.'),
(17, 1, '2016-07-09 02:29:45', 'Arrange a new class.'),
(18, 1, '2016-07-09 02:30:46', 'Arrange a new class.'),
(19, 1, '2016-07-09 02:32:06', 'Arrange a new class.'),
(20, 1, '2016-07-09 03:02:50', 'Edit a class info.'),
(21, 1, '2016-07-09 03:03:41', 'Edit a class info.'),
(22, 1, '2016-07-09 03:03:55', 'Edit a class info.'),
(23, 1, '2016-07-09 03:05:59', 'Edit a class info.'),
(24, 1, '2016-07-09 03:06:36', 'Edit a class info.'),
(25, 1, '2016-07-09 03:06:51', 'Edit a class info.'),
(26, 1, '2016-07-09 03:07:00', 'Edit a class info.'),
(27, 1, '2016-07-09 03:07:15', 'Edit a class info.'),
(28, 1, '2016-07-09 03:07:26', 'Edit a class info.'),
(29, 1, '2016-07-09 03:09:08', 'Insert a new payment for a student'),
(30, 1, '2016-07-09 03:13:25', 'Insert a new payment for a student'),
(31, 1, '2016-07-09 03:18:00', 'Insert a new payment for a student'),
(32, 1, '2016-07-09 03:21:59', 'Insert a new payment for a student'),
(33, 1, '2016-07-09 03:29:05', 'Insert a new payment for a student'),
(34, 1, '2016-07-09 03:30:09', 'Insert a new payment for a student'),
(35, 1, '2016-07-09 03:46:00', 'Insert a new payment for a student'),
(36, 1, '2016-07-09 03:46:34', 'Insert a new payment for a student'),
(37, 1, '2016-07-09 03:47:22', 'Insert a new payment for a student'),
(38, 1, '2016-07-09 03:58:36', 'Insert a new payment for a student'),
(39, 1, '2016-07-09 03:59:16', 'Insert a new payment for a student'),
(40, 1, '2016-07-09 04:02:04', 'Insert a new payment for a student'),
(41, 1, '2016-07-09 04:03:58', 'Insert a new payment for a student'),
(42, 1, '2016-07-09 04:22:24', 'Insert new attendant to student.'),
(43, 1, '2016-07-09 04:22:35', 'Insert new attendant to student.'),
(44, 1, '2016-07-09 04:22:40', 'Insert new attendant to student.'),
(45, 1, '2016-07-09 04:22:47', 'Insert new attendant to student.'),
(46, 1, '2016-07-09 04:22:53', 'Insert new attendant to student.'),
(47, 1, '2016-07-09 04:23:31', 'Insert new attendant to student.'),
(48, 1, '2016-07-09 04:23:41', 'Insert new attendant to student.'),
(49, 1, '2016-07-09 04:23:46', 'Insert new attendant to student.'),
(50, 1, '2016-07-09 04:23:51', 'Insert new attendant to student.'),
(51, 1, '2016-07-09 04:24:01', 'Insert new attendant to student.'),
(52, 1, '2016-07-09 04:24:28', 'Insert new attendant to student.'),
(53, 1, '2016-07-09 04:24:35', 'Insert new attendant to student.'),
(54, 1, '2016-07-09 04:24:43', 'Insert new attendant to student.'),
(55, 1, '2016-07-09 04:24:48', 'Insert new attendant to student.'),
(56, 1, '2016-07-09 04:24:57', 'Insert new attendant to student.'),
(57, 1, '2016-07-09 04:35:58', 'Insert new score to student!'),
(58, 1, '2016-07-09 04:37:40', 'Insert new score to student!'),
(59, 1, '2016-07-09 04:55:48', 'Insert new attendant to student.'),
(60, 1, '2016-07-09 04:55:54', 'Insert new attendant to student.'),
(61, 1, '2016-07-09 04:56:00', 'Insert new attendant to student.'),
(62, 1, '2016-07-09 04:56:10', 'Insert new attendant to student.'),
(63, 1, '2016-07-09 04:56:15', 'Insert new attendant to student.'),
(64, 1, '2016-07-09 04:56:20', 'Insert new attendant to student.'),
(65, 1, '2016-07-09 04:56:25', 'Insert new attendant to student.'),
(66, 1, '2016-07-09 04:56:31', 'Insert new attendant to student.'),
(67, 1, '2016-07-09 04:57:11', 'Insert new attendant to student.'),
(68, 1, '2016-07-09 04:57:16', 'Insert new attendant to student.'),
(69, 1, '2016-07-09 04:57:21', 'Insert new attendant to student.'),
(70, 1, '2016-07-09 04:57:27', 'Insert new attendant to student.'),
(71, 1, '2016-07-09 04:57:31', 'Insert new attendant to student.'),
(72, 1, '2016-07-09 04:57:35', 'Insert new attendant to student.'),
(73, 1, '2016-07-09 04:59:18', 'Insert new score to student!'),
(74, 1, '2016-07-09 06:17:20', 'Insert a new payment for a student'),
(75, 1, '2016-07-09 06:24:47', 'Insert a new payment for a student'),
(76, 1, '2016-07-09 06:27:17', 'Insert a new payment for a student'),
(77, 2, '2016-07-09 08:41:13', 'Edit a staff info.'),
(78, 2, '2016-07-09 08:41:48', 'Insert a new room.'),
(79, 2, '2016-07-09 08:41:59', 'Delete a room info.'),
(80, 2, '2016-07-09 08:43:13', 'Arrange a new class.'),
(81, 2, '2016-07-09 08:45:22', 'Insert new score to student!'),
(82, 2, '2016-07-09 08:46:46', 'Insert a new payment for a student'),
(83, 1, '2016-07-10 05:17:53', 'Insert new attendant to student.'),
(84, 1, '2016-07-10 05:18:01', 'Insert new attendant to student.'),
(85, 1, '2016-07-10 05:18:09', 'Insert new attendant to student.'),
(86, 1, '2016-07-10 05:18:43', 'Insert new attendant to student.'),
(87, 1, '2016-07-10 05:18:49', 'Insert new attendant to student.'),
(88, 1, '2016-07-10 05:18:56', 'Insert new attendant to student.'),
(89, 1, '2016-07-10 05:19:05', 'Insert new attendant to student.'),
(90, 1, '2016-07-10 05:35:24', 'Insert new score to student!'),
(91, 1, '2016-07-10 05:36:36', 'Insert new score to student!'),
(92, 1, '2016-07-10 06:02:07', 'Insert new score to student!'),
(93, 1, '2016-07-10 06:02:11', 'Insert new score to student!'),
(94, 1, '2016-07-10 06:02:43', 'Insert new score to student!'),
(95, 1, '2016-07-10 06:02:48', 'Insert new score to student!'),
(96, 1, '2016-07-10 06:03:18', 'Insert new attendant to student.'),
(97, 1, '2016-07-10 06:03:27', 'Insert new attendant to student.'),
(98, 1, '2016-07-10 06:03:33', 'Insert new attendant to student.'),
(99, 1, '2016-07-10 06:03:56', 'Insert new attendant to student.'),
(100, 1, '2016-07-10 06:04:02', 'Insert new attendant to student.'),
(101, 1, '2016-07-10 06:04:09', 'Insert new attendant to student.'),
(102, 1, '2016-07-10 06:17:21', 'Insert new attendant to student.'),
(103, 1, '2016-07-10 06:17:43', 'Insert new attendant to student.'),
(104, 1, '2016-07-10 06:17:49', 'Insert new attendant to student.'),
(105, 1, '2016-07-10 06:17:57', 'Insert new attendant to student.'),
(106, 1, '2016-07-10 06:18:10', 'Insert new attendant to student.'),
(107, 1, '2016-07-10 06:18:18', 'Insert new score to student!'),
(108, 1, '2016-07-10 06:18:23', 'Insert new score to student!'),
(109, 1, '2016-07-10 06:19:04', 'Insert new attendant to student.'),
(110, 1, '2016-07-10 06:19:11', 'Insert new attendant to student.'),
(111, 1, '2016-07-10 06:19:17', 'Insert new attendant to student.'),
(112, 1, '2016-07-10 06:19:37', 'Insert new attendant to student.'),
(113, 1, '2016-07-10 06:19:42', 'Insert new attendant to student.'),
(114, 1, '2016-07-10 06:19:48', 'Insert new attendant to student.'),
(115, 1, '2016-07-10 06:19:56', 'Insert new score to student!'),
(116, 1, '2016-07-10 06:20:00', 'Insert new score to student!'),
(117, 1, '2016-07-10 06:22:42', 'Insert new score to student!'),
(118, 1, '2016-07-10 06:22:46', 'Insert new score to student!'),
(119, 1, '2016-07-10 06:23:47', 'Insert new score to student!'),
(120, 1, '2016-07-10 06:23:52', 'Insert new score to student!'),
(121, 1, '2016-07-11 01:55:07', 'Edit a staff info.'),
(122, 1, '2016-07-11 02:03:50', 'Insert a new payment for a student'),
(123, 1, '2016-07-11 02:41:09', 'Edit a class info.'),
(124, 1, '2016-07-11 02:41:33', 'Edit a class info.'),
(125, 1, '2016-07-11 03:36:08', 'Edit a class info.'),
(126, 1, '2016-07-11 04:01:43', 'Edit a class info.'),
(127, 1, '2016-07-11 04:09:38', 'Edit a class info.'),
(128, 1, '2016-07-11 04:11:01', 'Edit a class info.'),
(129, 1, '2016-07-11 04:11:22', 'Edit a class info.'),
(130, 1, '2016-07-11 04:11:26', 'Edit a class info.'),
(131, 1, '2016-07-11 04:13:01', 'Edit a class info.'),
(132, 1, '2016-07-11 04:13:16', 'Edit a class info.'),
(133, 1, '2016-07-11 04:14:37', 'Edit a class info.'),
(134, 1, '2016-07-11 04:16:06', 'Edit a class info.'),
(135, 1, '2016-07-11 04:16:47', 'Edit a class info.'),
(136, 1, '2016-07-11 05:41:48', 'Insert a new payment for a student'),
(137, 1, '2016-07-11 05:43:00', 'Insert a new payment for a student'),
(138, 1, '2016-07-11 05:46:25', 'Insert a new payment for a student'),
(139, 1, '2016-07-11 06:30:23', 'Edit a staff info.'),
(140, 1, '2016-07-11 06:31:50', 'Insert a new room.'),
(141, 1, '2016-07-11 06:32:00', 'Edit a room info.'),
(142, 1, '2016-07-11 06:34:03', 'Change class to student.'),
(143, 1, '2016-07-11 06:34:50', 'Insert new attendant to student.'),
(144, 1, '2016-07-11 06:37:54', 'Insert a new payment for a student'),
(145, 1, '2016-07-11 06:45:37', 'Change class to student.'),
(146, 2, '2016-07-15 01:37:39', 'Insert a new student info.'),
(147, 2, '2016-07-15 01:39:58', 'Insert a new student info.'),
(148, 2, '2016-07-15 01:54:50', 'Insert a new student info.'),
(149, 2, '2016-07-15 01:58:38', 'Insert a new student info.'),
(150, 2, '2016-07-15 03:00:27', 'Insert a new student info.'),
(151, 2, '2016-11-04 04:21:24', 'Insert a new staff info.'),
(152, 2, '2016-11-04 04:22:06', 'Edit a staff info.'),
(153, 2, '2016-11-04 04:22:49', 'Delete a staff info.'),
(154, 2, '2016-11-04 04:24:38', 'Insert a new student info.'),
(155, 2, '2016-11-04 06:57:43', 'edit a student info.'),
(156, 2, '2016-11-04 06:58:22', 'Delete a student info.'),
(157, 2, '2016-11-04 16:41:07', 'Insert a new student info.'),
(158, 2, '2016-11-04 16:48:34', 'edit a student info.'),
(159, 2, '2016-11-04 16:49:02', 'edit a student info.'),
(160, 2, '2016-11-04 16:49:59', 'Delete a student info.'),
(161, 2, '2016-11-05 10:24:30', 'edit a student info.'),
(162, 2, '2016-11-05 10:25:38', 'edit a student info.'),
(163, 2, '2016-11-05 10:26:31', 'edit a student info.');

-- --------------------------------------------------------

--
-- Table structure for table `tbloperation`
--

CREATE TABLE IF NOT EXISTS `tbloperation` (
  `id` int(11) NOT NULL,
  `value` tinyint(4) DEFAULT NULL,
  `type` tinyint(4) DEFAULT NULL,
  `description` varchar(255) COLLATE utf8_bin DEFAULT NULL,
  PRIMARY KEY (`id`)
) ENGINE=InnoDB DEFAULT CHARSET=utf8 COLLATE=utf8_bin;

-- --------------------------------------------------------

--
-- Table structure for table `tblpayment`
--

CREATE TABLE IF NOT EXISTS `tblpayment` (
  `id` bigint(20) NOT NULL AUTO_INCREMENT,
  `study_id` bigint(20) DEFAULT NULL,
  `user_id` int(11) DEFAULT NULL,
  `date` datetime DEFAULT NULL,
  `pay_amount` float DEFAULT NULL,
  `description` varchar(255) COLLATE utf8_bin DEFAULT NULL,
  PRIMARY KEY (`id`),
  KEY `student_id` (`study_id`) USING BTREE,
  KEY `staff_id` (`user_id`) USING BTREE
) ENGINE=InnoDB  DEFAULT CHARSET=utf8 COLLATE=utf8_bin AUTO_INCREMENT=200 ;

--
-- Dumping data for table `tblpayment`
--

INSERT INTO `tblpayment` (`id`, `study_id`, `user_id`, `date`, `pay_amount`, `description`) VALUES
(1, 1, 1, '2016-07-09 03:09:07', 50, ''),
(2, 2, 1, '2016-07-09 03:13:24', 50, ''),
(3, 3, 1, '2016-07-09 03:18:00', 50, ''),
(4, 4, 1, '2016-07-09 03:21:59', 50, ''),
(5, 5, 1, '2016-07-09 03:29:05', 50, ''),
(6, 6, 1, '2016-07-09 03:30:09', 50, ''),
(7, 7, 1, '2016-07-09 03:45:59', 50, ''),
(8, 8, 1, '2016-07-09 03:46:34', 45, ''),
(9, 9, 1, '2016-07-09 03:47:22', 45, ''),
(10, 10, 1, '2016-07-09 03:58:36', 45, ''),
(11, 11, 1, '2016-07-09 03:59:16', 45, ''),
(12, 12, 1, '2016-07-09 04:02:04', 45, ''),
(13, 13, 1, '2016-07-09 04:03:58', 45, ''),
(15, 15, 1, '2016-07-09 04:07:00', 45, NULL),
(16, 16, 1, '2016-07-09 04:09:00', 45, NULL),
(17, 17, 1, '2016-07-09 04:11:00', 45, NULL),
(18, 18, 1, '2016-07-09 04:13:00', 45, NULL),
(19, 19, 1, '2016-07-09 04:15:00', 45, NULL),
(20, 20, 1, '2016-07-09 04:17:00', 45, NULL),
(21, 21, 1, '2016-07-09 04:19:00', 45, NULL),
(22, 22, 1, '2016-07-09 04:21:00', 45, NULL),
(23, 23, 1, '2016-07-09 04:22:00', 45, NULL),
(24, 24, 1, '2016-07-09 04:24:00', 45, NULL),
(25, 25, 1, '2016-07-09 04:26:00', 45, NULL),
(26, 26, 1, '2016-07-09 04:28:00', 45, NULL),
(27, 27, 1, '2016-07-09 04:30:00', 45, NULL),
(28, 28, 1, '2016-07-09 04:32:00', 45, NULL),
(29, 29, 1, '2016-07-09 04:34:00', 45, NULL),
(30, 30, 1, '2016-07-09 04:36:00', 45, NULL),
(31, 31, 1, '2016-07-09 04:38:00', 45, NULL),
(32, 32, 1, '2016-07-09 04:40:00', 45, NULL),
(33, 33, 1, '2016-07-09 04:41:00', 45, NULL),
(34, 34, 1, '2016-07-09 04:43:00', 45, NULL),
(35, 35, 1, '2016-07-09 04:45:00', 45, NULL),
(36, 36, 1, '2016-07-09 04:47:00', 45, NULL),
(37, 37, 1, '2016-07-09 04:49:00', 45, NULL),
(38, 38, 1, '2016-07-09 04:51:00', 45, NULL),
(39, 39, 1, '2016-07-09 04:53:00', 45, NULL),
(40, 40, 1, '2016-07-09 04:55:00', 45, NULL),
(41, 41, 1, '2016-07-09 04:57:00', 45, NULL),
(42, 42, 1, '2016-07-09 04:59:00', 45, NULL),
(43, 43, 1, '2016-07-09 05:00:00', 45, NULL),
(44, 44, 1, '2016-07-09 05:02:00', 45, NULL),
(45, 45, 1, '2016-07-09 05:04:00', 45, NULL),
(46, 46, 1, '2016-07-09 05:06:00', 45, NULL),
(47, 47, 1, '2016-07-09 05:08:00', 45, NULL),
(48, 48, 1, '2016-07-09 05:10:00', 45, NULL),
(49, 49, 1, '2016-07-09 05:12:00', 45, NULL),
(50, 50, 1, '2016-07-09 05:14:00', 45, NULL),
(51, 51, 1, '2016-07-09 05:16:00', 45, NULL),
(52, 52, 1, '2016-07-09 05:18:00', 45, NULL),
(53, 53, 1, '2016-07-09 05:19:00', 45, NULL),
(54, 54, 1, '2016-07-09 05:21:00', 45, NULL),
(55, 55, 1, '2016-07-09 05:23:00', 45, NULL),
(56, 56, 1, '2016-07-09 05:25:00', 45, NULL),
(57, 57, 1, '2016-07-09 05:27:00', 45, NULL),
(58, 58, 1, '2016-07-09 05:29:00', 45, NULL),
(59, 59, 1, '2016-07-09 05:31:00', 45, NULL),
(60, 60, 1, '2016-07-09 05:33:00', 45, NULL),
(61, 61, 1, '2016-07-09 05:35:00', 45, NULL),
(62, 62, 1, '2016-07-09 05:37:00', 45, NULL),
(63, 63, 1, '2016-07-09 05:38:00', 45, NULL),
(64, 64, 1, '2016-07-09 05:40:00', 45, NULL),
(65, 65, 1, '2016-07-09 05:42:00', 45, NULL),
(66, 66, 1, '2016-07-09 05:44:00', 45, NULL),
(67, 67, 1, '2016-07-09 05:46:00', 45, NULL),
(68, 68, 1, '2016-07-09 05:48:00', 45, NULL),
(69, 69, 1, '2016-07-09 05:50:00', 45, NULL),
(70, 70, 1, '2016-07-09 05:52:00', 45, NULL),
(71, 71, 1, '2016-07-09 05:54:00', 45, NULL),
(72, 72, 1, '2016-07-09 05:56:00', 45, NULL),
(73, 73, 1, '2016-07-09 05:57:00', 45, NULL),
(74, 74, 1, '2016-07-09 05:59:00', 45, NULL),
(75, 75, 1, '2016-07-09 06:01:00', 45, NULL),
(76, 76, 1, '2016-07-09 06:03:00', 45, NULL),
(77, 77, 1, '2016-07-09 06:05:00', 45, NULL),
(78, 78, 1, '2016-07-09 06:07:00', 45, NULL),
(79, 79, 1, '2016-07-09 06:09:00', 45, NULL),
(80, 80, 1, '2016-07-09 06:11:00', 45, NULL),
(81, 81, 1, '2016-07-09 06:13:00', 45, NULL),
(82, 82, 1, '2016-07-09 06:15:00', 45, NULL),
(83, 83, 1, '2016-07-09 06:16:00', 45, NULL),
(84, 84, 1, '2016-07-09 06:18:00', 45, NULL),
(85, 85, 1, '2016-07-09 06:20:00', 45, NULL),
(86, 86, 1, '2016-07-09 06:22:00', 45, NULL),
(87, 87, 1, '2016-07-09 06:24:00', 45, NULL),
(88, 88, 1, '2016-07-09 06:26:00', 45, NULL),
(89, 89, 1, '2016-07-09 06:28:00', 45, NULL),
(90, 90, 1, '2016-07-09 06:30:00', 45, NULL),
(91, 91, 1, '2016-07-09 06:32:00', 45, NULL),
(92, 92, 1, '2016-07-09 06:34:00', 45, NULL),
(93, 93, 1, '2016-07-09 06:35:00', 45, NULL),
(94, 94, 1, '2016-07-09 06:37:00', 45, NULL),
(95, 95, 1, '2016-07-09 06:39:00', 45, NULL),
(96, 96, 1, '2016-07-09 06:41:00', 45, NULL),
(97, 97, 1, '2016-07-09 06:43:00', 45, NULL),
(98, 98, 1, '2016-07-09 06:45:00', 45, NULL),
(99, 99, 1, '2016-07-09 06:47:00', 45, NULL),
(100, 100, 1, '2016-07-09 06:49:00', 45, NULL),
(101, 101, 1, '2016-07-09 06:51:00', 45, NULL),
(102, 102, 1, '2016-07-09 06:53:00', 45, NULL),
(103, 103, 1, '2016-07-09 06:54:00', 45, NULL),
(104, 104, 1, '2016-07-09 06:56:00', 45, NULL),
(105, 105, 1, '2016-07-09 06:58:00', 45, NULL),
(106, 106, 1, '2016-07-09 07:00:00', 45, NULL),
(107, 107, 1, '2016-07-09 07:02:00', 45, NULL),
(108, 108, 1, '2016-07-09 07:04:00', 45, NULL),
(109, 109, 1, '2016-07-09 07:06:00', 45, NULL),
(110, 110, 1, '2016-07-09 07:08:00', 45, NULL),
(111, 111, 1, '2016-07-09 07:10:00', 45, NULL),
(112, 112, 1, '2016-07-09 07:12:00', 45, NULL),
(113, 113, 1, '2016-07-09 07:13:00', 45, NULL),
(114, 114, 1, '2016-07-09 07:15:00', 45, NULL),
(115, 115, 1, '2016-07-09 07:17:00', 45, NULL),
(116, 116, 1, '2016-07-09 07:19:00', 45, NULL),
(117, 117, 1, '2016-07-09 07:21:00', 45, NULL),
(118, 118, 1, '2016-07-09 07:23:00', 45, NULL),
(119, 119, 1, '2016-07-09 07:25:00', 45, NULL),
(120, 120, 1, '2016-07-09 07:27:00', 45, NULL),
(121, 121, 1, '2016-07-09 07:29:00', 45, NULL),
(122, 122, 1, '2016-07-09 07:31:00', 45, NULL),
(123, 123, 1, '2016-07-09 07:32:00', 45, NULL),
(124, 124, 1, '2016-07-09 07:34:00', 45, NULL),
(125, 125, 1, '2016-07-09 07:36:00', 45, NULL),
(126, 126, 1, '2016-07-09 07:38:00', 45, NULL),
(127, 127, 1, '2016-07-09 07:40:00', 45, NULL),
(128, 128, 1, '2016-07-09 07:42:00', 45, NULL),
(129, 129, 1, '2016-07-09 07:44:00', 45, NULL),
(130, 130, 1, '2016-07-09 07:46:00', 45, NULL),
(131, 131, 1, '2016-07-09 07:48:00', 45, NULL),
(132, 132, 1, '2016-07-09 07:50:00', 45, NULL),
(133, 133, 1, '2016-07-09 07:51:00', 45, NULL),
(134, 134, 1, '2016-07-09 07:53:00', 45, NULL),
(135, 135, 1, '2016-07-09 07:55:00', 45, NULL),
(136, 136, 1, '2016-07-09 07:57:00', 45, NULL),
(137, 137, 1, '2016-07-09 07:59:00', 45, NULL),
(138, 138, 1, '2016-07-09 08:01:00', 45, NULL),
(139, 139, 1, '2016-07-09 08:03:00', 45, NULL),
(140, 140, 1, '2016-07-09 08:05:00', 45, NULL),
(141, 141, 1, '2016-07-09 08:07:00', 45, NULL),
(142, 142, 1, '2016-07-09 08:09:00', 45, NULL),
(143, 143, 1, '2016-07-09 08:10:00', 45, NULL),
(144, 144, 1, '2016-07-09 08:12:00', 45, NULL),
(145, 145, 1, '2016-07-09 08:14:00', 45, NULL),
(146, 146, 1, '2016-07-09 08:16:00', 45, NULL),
(147, 147, 1, '2016-07-09 08:18:00', 45, NULL),
(148, 148, 1, '2016-07-09 08:20:00', 45, NULL),
(149, 149, 1, '2016-07-09 08:22:00', 45, NULL),
(150, 150, 1, '2016-07-09 08:24:00', 45, NULL),
(151, 151, 1, '2016-07-09 08:26:00', 45, NULL),
(152, 152, 1, '2016-07-09 08:28:00', 45, NULL),
(153, 153, 1, '2016-07-09 08:29:00', 45, NULL),
(154, 154, 1, '2016-07-09 08:31:00', 45, NULL),
(155, 155, 1, '2016-07-09 08:33:00', 45, NULL),
(156, 156, 1, '2016-07-09 08:35:00', 45, NULL),
(157, 157, 1, '2016-07-09 08:37:00', 45, NULL),
(158, 158, 1, '2016-07-09 08:39:00', 45, NULL),
(159, 159, 1, '2016-07-09 08:41:00', 45, NULL),
(160, 160, 1, '2016-07-09 08:43:00', 45, NULL),
(161, 161, 1, '2016-07-09 08:45:00', 45, NULL),
(162, 162, 1, '2016-07-09 08:47:00', 45, NULL),
(163, 163, 1, '2016-07-09 08:48:00', 45, NULL),
(164, 164, 1, '2016-07-09 08:50:00', 45, NULL),
(165, 165, 1, '2016-07-09 08:52:00', 45, NULL),
(166, 166, 1, '2016-07-09 08:54:00', 45, NULL),
(167, 167, 1, '2016-07-09 08:56:00', 45, NULL),
(168, 168, 1, '2016-07-09 08:58:00', 45, NULL),
(169, 169, 1, '2016-07-09 09:00:00', 45, NULL),
(170, 170, 1, '2016-07-09 09:02:00', 45, NULL),
(171, 171, 1, '2016-07-09 09:04:00', 45, NULL),
(172, 172, 1, '2016-07-09 09:06:00', 45, NULL),
(173, 173, 1, '2016-07-09 09:07:00', 45, NULL),
(174, 174, 1, '2016-07-09 09:09:00', 45, NULL),
(175, 175, 1, '2016-07-09 09:11:00', 45, NULL),
(176, 176, 1, '2016-07-09 09:13:00', 45, NULL),
(177, 177, 1, '2016-07-09 09:15:00', 45, NULL),
(178, 178, 1, '2016-07-09 09:17:00', 45, NULL),
(179, 179, 1, '2016-07-09 09:19:00', 45, NULL),
(180, 180, 1, '2016-07-09 09:21:00', 45, NULL),
(181, 181, 1, '2016-07-09 09:23:00', 45, NULL),
(182, 182, 1, '2016-07-09 09:25:00', 45, NULL),
(183, 183, 1, '2016-07-09 09:26:00', 45, NULL),
(184, 184, 1, '2016-07-09 09:28:00', 45, NULL),
(185, 185, 1, '2016-07-09 09:30:00', 45, NULL),
(186, 186, 1, '2016-07-09 09:32:00', 45, NULL),
(187, 187, 1, '2016-07-09 09:34:00', 45, NULL),
(188, 188, 1, '2016-07-09 09:36:00', 45, NULL),
(189, 189, 1, '2016-07-09 09:38:00', 45, NULL),
(190, 190, 1, '2016-07-09 09:40:00', 45, NULL),
(191, 192, 1, '2016-07-09 06:17:20', 50, ''),
(192, 193, 1, '2016-07-09 06:24:47', 45, ''),
(193, 194, 1, '2016-07-09 06:27:17', 50, ''),
(194, 259, 1, '2016-07-09 08:46:46', 45, ''),
(195, 260, 1, '2016-07-11 02:03:50', 45, ''),
(196, 261, 1, '2016-07-11 05:41:48', 45, ''),
(197, 262, 1, '2016-07-11 05:43:00', 45, ''),
(198, 263, 1, '2016-07-11 05:46:25', 45, ''),
(199, 264, 1, '2016-07-11 06:37:54', 45, '');

-- --------------------------------------------------------

--
-- Table structure for table `tblroom`
--

CREATE TABLE IF NOT EXISTS `tblroom` (
  `id` int(11) NOT NULL AUTO_INCREMENT,
  `room` varchar(55) COLLATE utf8_bin DEFAULT NULL,
  `description` varchar(255) COLLATE utf8_bin DEFAULT NULL,
  PRIMARY KEY (`id`)
) ENGINE=InnoDB  DEFAULT CHARSET=utf8 COLLATE=utf8_bin AUTO_INCREMENT=14 ;

--
-- Dumping data for table `tblroom`
--

INSERT INTO `tblroom` (`id`, `room`, `description`) VALUES
(1, 'Room 1', ''),
(2, 'Room 2', ''),
(3, 'Room 3', ''),
(5, 'Room 4', ''),
(6, 'Room 5', ''),
(7, 'Room 6', ''),
(8, 'Room 7', ''),
(9, 'Conference', 'first floor'),
(10, 'Room 8', ''),
(11, 'Room 9', ''),
(12, 'Room 10', ''),
(13, 'room A', '');

-- --------------------------------------------------------

--
-- Table structure for table `tblscore`
--

CREATE TABLE IF NOT EXISTS `tblscore` (
  `study_id` bigint(20) NOT NULL,
  `asg` float(4,2) DEFAULT NULL,
  `read_pro` float(4,2) DEFAULT NULL,
  `speak` float(4,2) DEFAULT NULL,
  `gram` float(4,2) DEFAULT NULL,
  `listen` float(4,2) DEFAULT NULL,
  `read` float(4,2) DEFAULT NULL,
  `write` float(4,2) DEFAULT NULL,
  `term` tinyint(2) NOT NULL,
  PRIMARY KEY (`study_id`,`term`),
  KEY `class_id` (`study_id`) USING BTREE
) ENGINE=InnoDB DEFAULT CHARSET=utf8 COLLATE=utf8_bin;

--
-- Dumping data for table `tblscore`
--

INSERT INTO `tblscore` (`study_id`, `asg`, `read_pro`, `speak`, `gram`, `listen`, `read`, `write`, `term`) VALUES
(1, 12.00, 7.00, 1.00, 12.00, 14.00, 13.00, 10.00, 1),
(1, 9.00, 9.00, 1.00, 9.00, 10.00, 9.00, 12.00, 2),
(2, 11.00, 10.00, 2.00, 11.00, 13.00, 7.00, 11.00, 1),
(2, 10.00, 15.00, 2.00, 10.00, 7.00, 9.00, 7.00, 2),
(3, 8.00, 12.00, 3.00, 8.00, 8.00, 11.00, 7.00, 1),
(3, 7.00, 15.00, 3.00, 7.00, 13.00, 15.00, 15.00, 2),
(4, 15.00, 9.00, 4.00, 15.00, 12.00, 15.00, 10.00, 1),
(4, 9.00, 15.00, 4.00, 9.00, 15.00, 12.00, 14.00, 2),
(5, 11.00, 8.00, 5.00, 11.00, 9.00, 9.00, 14.00, 1),
(5, 12.00, 7.00, 5.00, 12.00, 13.00, 12.00, 7.00, 2),
(6, 8.00, 14.00, 6.00, 8.00, 7.00, 15.00, 11.00, 1),
(6, 7.00, 8.00, 6.00, 7.00, 14.00, 7.00, 7.00, 2),
(7, 7.00, 9.00, 7.00, 7.00, 8.00, 8.00, 9.00, 1),
(7, 13.00, 15.00, 7.00, 13.00, 7.00, 14.00, 7.00, 2),
(8, 9.00, 10.00, 9.00, 13.00, 10.00, 11.00, 14.00, 1),
(9, 13.00, 12.00, 9.00, 13.00, 14.00, 12.00, 8.00, 1),
(9, 14.00, 7.00, 9.00, 14.00, 14.00, 7.00, 13.00, 2),
(10, 13.00, 13.00, 13.00, 8.00, 10.00, 15.00, 14.00, 2),
(11, 9.00, 11.00, 11.00, 9.00, 10.00, 10.00, 8.00, 1),
(11, 8.00, 9.00, 11.00, 8.00, 9.00, 15.00, 8.00, 2),
(15, 13.00, 9.00, 10.00, 13.00, 7.00, 11.00, 8.00, 2),
(16, 9.00, 13.00, 12.00, 9.00, 7.00, 8.00, 9.00, 1),
(16, 15.00, 7.00, 11.00, 15.00, 8.00, 8.00, 15.00, 2),
(17, 7.00, 7.00, 7.00, 7.00, 10.00, 10.00, 7.00, 1),
(17, 7.00, 7.00, 7.00, 7.00, 12.00, 15.00, 7.00, 2),
(18, 11.00, 9.00, 15.00, 11.00, 11.00, 15.00, 11.00, 1),
(18, 7.00, 13.00, 10.00, 7.00, 7.00, 13.00, 7.00, 2),
(19, 13.00, 12.00, 14.00, 13.00, 7.00, 7.00, 13.00, 1),
(19, 11.00, 11.00, 14.00, 11.00, 15.00, 11.00, 11.00, 2),
(20, 12.00, 13.00, 7.00, 12.00, 10.00, 8.00, 12.00, 1),
(20, 10.00, 11.00, 11.00, 10.00, 14.00, 11.00, 10.00, 2),
(21, 15.00, 9.00, 7.00, 15.00, 14.00, 14.00, 15.00, 1),
(21, 15.00, 12.00, 9.00, 15.00, 7.00, 11.00, 15.00, 2),
(22, 7.00, 15.00, 7.00, 7.00, 11.00, 7.00, 7.00, 1),
(22, 9.00, 14.00, 14.00, 9.00, 7.00, 10.00, 9.00, 2),
(23, 9.00, 15.00, 8.00, 9.00, 9.00, 10.00, 9.00, 1),
(23, 14.00, 13.00, 13.00, 14.00, 7.00, 15.00, 14.00, 2),
(24, 13.00, 8.00, 14.00, 13.00, 14.00, 7.00, 13.00, 1),
(24, 11.00, 10.00, 8.00, 11.00, 8.00, 14.00, 11.00, 2),
(25, 12.00, 14.00, 8.00, 12.00, 13.00, 15.00, 12.00, 1),
(25, 11.00, 11.00, 10.00, 11.00, 14.00, 11.00, 11.00, 2),
(26, 15.00, 14.00, 12.00, 15.00, 8.00, 7.00, 15.00, 1),
(26, 8.00, 10.00, 11.00, 8.00, 8.00, 9.00, 8.00, 2),
(27, 15.00, 9.00, 7.00, 15.00, 8.00, 12.00, 15.00, 1),
(27, 14.00, 11.00, 7.00, 14.00, 9.00, 9.00, 14.00, 2),
(28, 8.00, 13.00, 15.00, 8.00, 8.00, 9.00, 10.00, 1),
(28, 9.00, 7.00, 10.00, 9.00, 8.00, 15.00, 12.00, 2),
(29, 8.00, 12.00, 14.00, 8.00, 15.00, 11.00, 11.00, 1),
(29, 14.00, 11.00, 14.00, 14.00, 7.00, 13.00, 7.00, 2),
(30, 12.00, 10.00, 7.00, 12.00, 12.00, 14.00, 7.00, 1),
(30, 7.00, 12.00, 11.00, 7.00, 11.00, 15.00, 15.00, 2),
(31, 10.00, 15.00, 7.00, 10.00, 7.00, 15.00, 10.00, 1),
(31, 12.00, 7.00, 9.00, 12.00, 12.00, 15.00, 14.00, 2),
(32, 12.00, 7.00, 7.00, 12.00, 12.00, 11.00, 14.00, 1),
(32, 13.00, 13.00, 14.00, 13.00, 9.00, 10.00, 7.00, 2),
(33, 12.00, 8.00, 8.00, 12.00, 15.00, 11.00, 11.00, 1),
(33, 11.00, 10.00, 13.00, 11.00, 8.00, 10.00, 7.00, 2),
(34, 15.00, 11.00, 14.00, 15.00, 8.00, 9.00, 9.00, 1),
(34, 15.00, 13.00, 8.00, 15.00, 15.00, 9.00, 7.00, 2),
(35, 9.00, 15.00, 8.00, 9.00, 13.00, 7.00, 14.00, 1),
(35, 10.00, 15.00, 8.00, 10.00, 9.00, 10.00, 8.00, 2),
(36, 7.00, 15.00, 9.00, 7.00, 10.00, 7.00, 13.00, 1),
(36, 15.00, 12.00, 10.00, 15.00, 15.00, 11.00, 14.00, 2),
(37, 14.00, 7.00, 12.00, 14.00, 8.00, 7.00, 8.00, 1),
(37, 14.00, 13.00, 11.00, 14.00, 7.00, 12.00, 8.00, 2),
(38, 15.00, 12.00, 7.00, 15.00, 8.00, 10.00, 8.00, 1),
(38, 11.00, 14.00, 7.00, 11.00, 8.00, 15.00, 9.00, 2),
(39, 9.00, 10.00, 15.00, 9.00, 9.00, 15.00, 8.00, 1),
(39, 11.00, 9.00, 10.00, 11.00, 14.00, 12.00, 10.00, 2),
(40, 15.00, 12.00, 14.00, 15.00, 15.00, 9.00, 12.00, 1),
(40, 10.00, 10.00, 14.00, 10.00, 9.00, 12.00, 11.00, 2),
(41, 15.00, 10.00, 7.00, 15.00, 11.00, 12.00, 7.00, 1),
(41, 15.00, 11.00, 11.00, 15.00, 14.00, 8.00, 7.00, 2),
(42, 13.00, 12.00, 7.00, 13.00, 12.00, 9.00, 15.00, 1),
(42, 7.00, 8.00, 9.00, 7.00, 8.00, 7.00, 10.00, 2),
(43, 10.00, 10.00, 7.00, 10.00, 8.00, 8.00, 14.00, 1),
(43, 7.00, 7.00, 14.00, 7.00, 9.00, 8.00, 14.00, 2),
(44, 7.00, 8.00, 8.00, 7.00, 10.00, 10.00, 7.00, 1),
(44, 14.00, 10.00, 13.00, 14.00, 13.00, 15.00, 11.00, 2),
(45, 8.00, 12.00, 14.00, 8.00, 12.00, 14.00, 7.00, 1),
(45, 10.00, 12.00, 8.00, 10.00, 8.00, 15.00, 9.00, 2),
(46, 9.00, 8.00, 8.00, 9.00, 15.00, 7.00, 7.00, 1),
(46, 10.00, 8.00, 8.00, 10.00, 9.00, 7.00, 14.00, 2),
(47, 13.00, 11.00, 9.00, 13.00, 11.00, 15.00, 8.00, 1),
(47, 13.00, 12.00, 10.00, 13.00, 13.00, 9.00, 13.00, 2),
(48, 9.00, 11.00, 12.00, 9.00, 7.00, 9.00, 14.00, 1),
(48, 10.00, 11.00, 11.00, 10.00, 9.00, 11.00, 8.00, 2),
(49, 14.00, 11.00, 7.00, 14.00, 7.00, 10.00, 8.00, 1),
(49, 11.00, 7.00, 7.00, 11.00, 14.00, 10.00, 8.00, 2),
(50, 10.00, 7.00, 15.00, 10.00, 12.00, 7.00, 9.00, 1),
(50, 14.00, 10.00, 10.00, 14.00, 8.00, 10.00, 8.00, 2),
(51, 9.00, 10.00, 9.00, 13.00, 10.00, 11.00, 10.00, 1),
(51, 12.00, 11.00, 12.00, 9.00, 11.00, 13.00, 11.00, 2),
(52, 12.00, 11.00, 10.00, 9.00, 12.00, 13.00, 10.00, 1),
(52, 13.00, 11.00, 13.00, 9.00, 11.00, 11.00, 11.00, 2),
(53, 13.00, 11.00, 10.00, 9.00, 12.00, 11.00, 10.00, 1),
(53, 13.00, 11.00, 13.00, 9.00, 11.00, 11.00, 11.00, 2),
(54, 13.00, 11.00, 10.00, 9.00, 12.00, 11.00, 10.00, 1),
(54, 15.00, 11.00, 15.00, 9.00, 11.00, 11.00, 11.00, 2),
(55, 15.00, 11.00, 10.00, 9.00, 11.00, 11.00, 10.00, 1),
(55, 14.00, 11.00, 14.00, 9.00, 11.00, 11.00, 11.00, 2),
(56, 14.00, 11.00, 10.00, 9.00, 11.00, 11.00, 10.00, 1),
(56, 14.00, 11.00, 14.00, 9.00, 11.00, 11.00, 11.00, 2),
(57, 14.00, 11.00, 10.00, 9.00, 14.00, 11.00, 10.00, 1),
(57, 14.00, 12.00, 14.00, 9.00, 12.00, 14.00, 12.00, 2),
(58, 14.00, 12.00, 10.00, 9.00, 14.00, 14.00, 10.00, 1),
(58, 14.00, 13.00, 14.00, 8.00, 7.00, 14.00, 13.00, 2),
(59, 14.00, 13.00, 10.00, 8.00, 14.00, 14.00, 10.00, 1),
(59, 13.00, 13.00, 13.00, 13.00, 7.00, 13.00, 13.00, 2),
(60, 13.00, 13.00, 10.00, 13.00, 14.00, 13.00, 10.00, 1),
(60, 11.00, 11.00, 11.00, 13.00, 12.00, 13.00, 11.00, 2),
(61, 11.00, 11.00, 10.00, 13.00, 11.00, 13.00, 10.00, 1),
(61, 11.00, 14.00, 11.00, 12.00, 9.00, 11.00, 14.00, 2),
(62, 11.00, 14.00, 11.00, 12.00, 11.00, 11.00, 10.00, 1),
(62, 10.00, 11.00, 10.00, 12.00, 11.00, 12.00, 11.00, 2),
(63, 10.00, 11.00, 11.00, 12.00, 11.00, 12.00, 10.00, 1),
(63, 10.00, 9.00, 10.00, 12.00, 9.00, 11.00, 9.00, 2),
(64, 10.00, 9.00, 11.00, 12.00, 10.00, 11.00, 10.00, 1),
(64, 9.00, 8.00, 9.00, 10.00, 8.00, 10.00, 8.00, 2),
(65, 9.00, 8.00, 11.00, 12.00, 10.00, 10.00, 10.00, 1),
(65, 8.00, 9.00, 8.00, 11.00, 9.00, 10.00, 9.00, 2),
(66, 8.00, 9.00, 11.00, 7.00, 15.00, 10.00, 10.00, 1),
(66, 9.00, 8.00, 9.00, 7.00, 8.00, 10.00, 8.00, 2),
(67, 9.00, 8.00, 12.00, 15.00, 11.00, 10.00, 10.00, 1),
(67, 8.00, 8.00, 8.00, 10.00, 8.00, 10.00, 8.00, 2),
(68, 8.00, 8.00, 12.00, 14.00, 11.00, 10.00, 10.00, 1),
(68, 9.00, 8.00, 9.00, 14.00, 8.00, 10.00, 8.00, 2),
(69, 9.00, 8.00, 12.00, 7.00, 12.00, 10.00, 10.00, 1),
(69, 8.00, 9.00, 8.00, 11.00, 9.00, 10.00, 9.00, 2),
(70, 8.00, 9.00, 13.00, 7.00, 12.00, 10.00, 10.00, 1),
(70, 9.00, 11.00, 9.00, 9.00, 11.00, 10.00, 11.00, 2),
(71, 9.00, 11.00, 14.00, 7.00, 14.00, 10.00, 10.00, 1),
(71, 8.00, 10.00, 10.00, 14.00, 10.00, 10.00, 10.00, 2),
(72, 8.00, 10.00, 12.00, 8.00, 12.00, 10.00, 10.00, 1),
(72, 8.00, 10.00, 11.00, 13.00, 10.00, 10.00, 12.00, 2),
(73, 8.00, 10.00, 7.00, 14.00, 12.00, 10.00, 11.00, 1),
(73, 9.00, 10.00, 7.00, 8.00, 10.00, 11.00, 7.00, 2),
(74, 9.00, 10.00, 15.00, 8.00, 11.00, 11.00, 7.00, 1),
(74, 9.00, 10.00, 10.00, 13.00, 10.00, 11.00, 15.00, 2),
(75, 12.00, 12.00, 14.00, 12.00, 12.00, 12.00, 10.00, 1),
(75, 13.00, 13.00, 14.00, 13.00, 13.00, 15.00, 14.00, 2),
(76, 10.00, 9.00, 7.00, 10.00, 7.00, 7.00, 14.00, 1),
(76, 7.00, 7.00, 10.00, 7.00, 8.00, 11.00, 10.00, 2),
(77, 14.00, 9.00, 12.00, 14.00, 12.00, 14.00, 12.00, 1),
(77, 12.00, 15.00, 11.00, 12.00, 15.00, 11.00, 11.00, 2),
(78, 10.00, 7.00, 7.00, 10.00, 9.00, 14.00, 7.00, 1),
(78, 11.00, 14.00, 7.00, 11.00, 9.00, 9.00, 7.00, 2),
(79, 10.00, 15.00, 15.00, 10.00, 12.00, 10.00, 15.00, 1),
(79, 10.00, 15.00, 10.00, 10.00, 10.00, 9.00, 10.00, 2),
(80, 9.00, 11.00, 14.00, 9.00, 8.00, 15.00, 14.00, 1),
(80, 12.00, 7.00, 14.00, 12.00, 9.00, 13.00, 14.00, 2),
(81, 10.00, 10.00, 7.00, 10.00, 11.00, 13.00, 7.00, 1),
(81, 13.00, 14.00, 11.00, 13.00, 14.00, 7.00, 11.00, 2),
(82, 11.00, 15.00, 7.00, 11.00, 8.00, 8.00, 7.00, 1),
(82, 15.00, 14.00, 9.00, 15.00, 11.00, 9.00, 9.00, 2),
(83, 8.00, 10.00, 7.00, 8.00, 14.00, 12.00, 7.00, 1),
(83, 9.00, 7.00, 14.00, 9.00, 8.00, 15.00, 14.00, 2),
(84, 15.00, 9.00, 8.00, 15.00, 14.00, 11.00, 8.00, 1),
(84, 7.00, 13.00, 13.00, 7.00, 10.00, 9.00, 13.00, 2),
(85, 7.00, 14.00, 14.00, 7.00, 14.00, 15.00, 14.00, 1),
(85, 9.00, 14.00, 8.00, 9.00, 8.00, 10.00, 8.00, 2),
(86, 12.00, 15.00, 8.00, 12.00, 12.00, 9.00, 8.00, 1),
(86, 11.00, 11.00, 8.00, 11.00, 7.00, 8.00, 8.00, 2),
(87, 10.00, 9.00, 9.00, 10.00, 13.00, 12.00, 9.00, 1),
(87, 7.00, 9.00, 8.00, 7.00, 14.00, 10.00, 8.00, 2),
(88, 14.00, 7.00, 8.00, 14.00, 14.00, 10.00, 8.00, 1),
(88, 15.00, 14.00, 10.00, 15.00, 9.00, 15.00, 10.00, 2),
(89, 12.00, 14.00, 12.00, 12.00, 10.00, 14.00, 12.00, 1),
(89, 13.00, 14.00, 11.00, 13.00, 10.00, 8.00, 11.00, 2),
(90, 15.00, 12.00, 7.00, 15.00, 14.00, 13.00, 7.00, 1),
(90, 15.00, 13.00, 7.00, 15.00, 10.00, 10.00, 7.00, 2),
(91, 8.00, 8.00, 15.00, 8.00, 12.00, 8.00, 15.00, 1),
(91, 11.00, 8.00, 10.00, 11.00, 9.00, 13.00, 10.00, 2),
(92, 13.00, 13.00, 14.00, 13.00, 15.00, 8.00, 14.00, 1),
(92, 12.00, 13.00, 14.00, 12.00, 15.00, 11.00, 14.00, 2),
(93, 10.00, 9.00, 7.00, 10.00, 9.00, 11.00, 7.00, 1),
(93, 9.00, 15.00, 11.00, 9.00, 13.00, 13.00, 11.00, 2),
(94, 11.00, 7.00, 7.00, 11.00, 13.00, 7.00, 7.00, 1),
(94, 9.00, 12.00, 9.00, 9.00, 13.00, 10.00, 9.00, 2),
(95, 7.00, 14.00, 7.00, 7.00, 12.00, 10.00, 7.00, 1),
(95, 15.00, 9.00, 14.00, 15.00, 10.00, 10.00, 14.00, 2),
(96, 14.00, 10.00, 8.00, 14.00, 10.00, 11.00, 8.00, 1),
(96, 15.00, 9.00, 13.00, 15.00, 13.00, 10.00, 13.00, 2),
(97, 12.00, 15.00, 14.00, 12.00, 11.00, 12.00, 14.00, 1),
(97, 15.00, 12.00, 8.00, 15.00, 13.00, 13.00, 8.00, 2),
(98, 11.00, 7.00, 8.00, 11.00, 12.00, 10.00, 8.00, 1),
(98, 12.00, 12.00, 8.00, 12.00, 11.00, 9.00, 8.00, 2),
(99, 12.00, 12.00, 9.00, 12.00, 8.00, 9.00, 9.00, 1),
(99, 9.00, 10.00, 8.00, 9.00, 8.00, 13.00, 8.00, 2),
(100, 12.00, 12.00, 12.00, 9.00, 13.00, 7.00, 14.00, 1),
(100, 14.00, 14.00, 14.00, 11.00, 13.00, 11.00, 15.00, 2),
(101, 12.00, 12.00, 12.00, 14.00, 12.00, 10.00, 13.00, 1),
(101, 15.00, 15.00, 15.00, 15.00, 12.00, 16.00, 13.00, 2),
(102, 10.00, 10.00, 10.00, 13.00, 12.00, 16.00, 8.00, 1),
(102, 16.00, 16.00, 16.00, 14.00, 12.00, 11.00, 14.00, 2),
(103, 10.00, 10.00, 10.00, 10.00, 11.00, 9.00, 12.00, 1),
(103, 11.00, 10.00, 10.00, 12.00, 15.00, 9.00, 14.00, 2),
(104, 10.00, 12.00, 12.00, 7.00, 11.00, 7.00, 7.00, 1),
(104, 12.00, 11.00, 11.00, 10.00, 12.00, 11.00, 7.00, 2),
(105, 11.00, 7.00, 7.00, 9.00, 12.00, 15.00, 12.00, 1),
(105, 7.00, 7.00, 7.00, 12.00, 12.00, 7.00, 13.00, 2),
(106, 7.00, 15.00, 15.00, 14.00, 16.00, 16.00, 10.00, 1),
(106, 15.00, 10.00, 10.00, 8.00, 11.00, 12.00, 9.00, 2),
(107, 10.00, 14.00, 14.00, 16.00, 15.00, 15.00, 15.00, 1),
(107, 14.00, 14.00, 14.00, 8.00, 11.00, 9.00, 16.00, 2),
(108, 14.00, 7.00, 7.00, 7.00, 16.00, 7.00, 9.00, 1),
(108, 7.00, 11.00, 11.00, 12.00, 12.00, 16.00, 7.00, 2),
(109, 11.00, 7.00, 7.00, 8.00, 15.00, 12.00, 7.00, 1),
(109, 7.00, 9.00, 9.00, 15.00, 12.00, 15.00, 16.00, 2),
(110, 9.00, 7.00, 7.00, 11.00, 10.00, 10.00, 14.00, 1),
(110, 7.00, 14.00, 14.00, 7.00, 12.00, 12.00, 12.00, 2),
(111, 14.00, 8.00, 8.00, 11.00, 9.00, 9.00, 7.00, 1),
(111, 8.00, 13.00, 13.00, 7.00, 11.00, 7.00, 12.00, 2),
(112, 13.00, 14.00, 14.00, 10.00, 10.00, 10.00, 11.00, 1),
(112, 14.00, 8.00, 8.00, 14.00, 12.00, 13.00, 9.00, 2),
(113, 11.00, 8.00, 11.00, 7.00, 9.00, 9.00, 7.00, 1),
(113, 10.00, 10.00, 10.00, 11.00, 12.00, 9.00, 15.00, 2),
(114, 12.00, 12.00, 12.00, 9.00, 15.00, 15.00, 9.00, 1),
(114, 11.00, 11.00, 11.00, 16.00, 11.00, 11.00, 14.00, 2),
(115, 7.00, 7.00, 7.00, 14.00, 10.00, 10.00, 7.00, 1),
(115, 7.00, 7.00, 7.00, 8.00, 11.00, 12.00, 16.00, 2),
(116, 15.00, 15.00, 15.00, 7.00, 16.00, 16.00, 16.00, 1),
(116, 10.00, 10.00, 10.00, 8.00, 12.00, 9.00, 10.00, 2),
(117, 14.00, 14.00, 14.00, 15.00, 10.00, 7.00, 15.00, 1),
(117, 14.00, 14.00, 14.00, 16.00, 10.00, 8.00, 8.00, 2),
(118, 7.00, 7.00, 7.00, 16.00, 7.00, 7.00, 10.00, 1),
(118, 11.00, 11.00, 11.00, 9.00, 10.00, 12.00, 10.00, 2),
(119, 7.00, 7.00, 7.00, 10.00, 9.00, 15.00, 10.00, 1),
(119, 9.00, 9.00, 9.00, 9.00, 12.00, 16.00, 9.00, 2),
(120, 7.00, 7.00, 7.00, 11.00, 12.00, 12.00, 12.00, 1),
(120, 14.00, 14.00, 14.00, 13.00, 12.00, 7.00, 15.00, 2),
(121, 8.00, 8.00, 8.00, 15.00, 7.00, 7.00, 12.00, 1),
(121, 13.00, 13.00, 13.00, 14.00, 12.00, 16.00, 7.00, 2),
(122, 14.00, 14.00, 14.00, 10.00, 15.00, 13.00, 14.00, 1),
(122, 8.00, 8.00, 8.00, 7.00, 12.00, 15.00, 9.00, 2),
(123, 12.00, 10.00, 10.00, 12.00, 10.00, 14.00, 10.00, 1),
(123, 8.00, 7.00, 12.00, 8.00, 9.00, 9.00, 12.00, 2),
(124, 11.00, 11.00, 10.00, 11.00, 13.00, 10.00, 10.00, 1),
(124, 7.00, 8.00, 12.00, 7.00, 14.00, 13.00, 12.00, 2),
(125, 14.00, 8.00, 11.00, 14.00, 14.00, 15.00, 11.00, 1),
(125, 13.00, 7.00, 7.00, 13.00, 15.00, 14.00, 7.00, 2),
(126, 8.00, 8.00, 7.00, 8.00, 9.00, 13.00, 7.00, 1),
(126, 14.00, 14.00, 15.00, 14.00, 13.00, 13.00, 15.00, 2),
(127, 10.00, 12.00, 10.00, 10.00, 11.00, 14.00, 10.00, 1),
(127, 8.00, 13.00, 14.00, 8.00, 11.00, 8.00, 14.00, 2),
(128, 13.00, 15.00, 14.00, 13.00, 9.00, 13.00, 14.00, 1),
(128, 10.00, 15.00, 7.00, 10.00, 11.00, 12.00, 7.00, 2),
(129, 13.00, 10.00, 11.00, 13.00, 8.00, 14.00, 11.00, 1),
(129, 13.00, 9.00, 7.00, 13.00, 13.00, 8.00, 7.00, 2),
(130, 13.00, 9.00, 9.00, 13.00, 7.00, 7.00, 9.00, 1),
(130, 14.00, 7.00, 7.00, 14.00, 9.00, 12.00, 7.00, 2),
(131, 10.00, 15.00, 14.00, 10.00, 13.00, 11.00, 14.00, 1),
(131, 14.00, 7.00, 8.00, 14.00, 12.00, 15.00, 8.00, 2),
(132, 14.00, 7.00, 13.00, 14.00, 15.00, 10.00, 13.00, 1),
(132, 14.00, 7.00, 14.00, 14.00, 13.00, 11.00, 14.00, 2),
(133, 15.00, 9.00, 8.00, 15.00, 15.00, 8.00, 8.00, 1),
(133, 8.00, 9.00, 8.00, 8.00, 8.00, 13.00, 8.00, 2),
(134, 14.00, 8.00, 8.00, 14.00, 10.00, 12.00, 8.00, 1),
(134, 12.00, 14.00, 9.00, 12.00, 8.00, 14.00, 9.00, 2),
(135, 12.00, 11.00, 8.00, 12.00, 12.00, 7.00, 8.00, 1),
(135, 14.00, 10.00, 10.00, 14.00, 10.00, 15.00, 10.00, 2),
(136, 10.00, 7.00, 12.00, 10.00, 10.00, 15.00, 12.00, 1),
(136, 7.00, 8.00, 11.00, 7.00, 9.00, 15.00, 11.00, 2),
(137, 8.00, 12.00, 7.00, 8.00, 10.00, 10.00, 7.00, 1),
(137, 8.00, 7.00, 7.00, 8.00, 7.00, 8.00, 7.00, 2),
(138, 8.00, 13.00, 15.00, 8.00, 13.00, 11.00, 15.00, 1),
(138, 12.00, 12.00, 10.00, 12.00, 12.00, 9.00, 10.00, 2),
(139, 14.00, 15.00, 14.00, 14.00, 10.00, 8.00, 14.00, 1),
(139, 9.00, 14.00, 14.00, 9.00, 12.00, 11.00, 14.00, 2),
(140, 9.00, 14.00, 7.00, 9.00, 14.00, 14.00, 7.00, 1),
(140, 11.00, 7.00, 11.00, 11.00, 7.00, 9.00, 11.00, 2),
(141, 14.00, 14.00, 7.00, 14.00, 12.00, 12.00, 7.00, 1),
(141, 11.00, 14.00, 9.00, 11.00, 11.00, 8.00, 9.00, 2),
(142, 11.00, 13.00, 7.00, 11.00, 14.00, 14.00, 7.00, 1),
(142, 15.00, 8.00, 14.00, 15.00, 12.00, 11.00, 14.00, 2),
(143, 10.00, 10.00, 8.00, 10.00, 13.00, 9.00, 8.00, 1),
(143, 8.00, 7.00, 13.00, 8.00, 9.00, 13.00, 13.00, 2),
(144, 12.00, 10.00, 14.00, 12.00, 7.00, 9.00, 14.00, 1),
(144, 11.00, 11.00, 8.00, 11.00, 11.00, 15.00, 8.00, 2),
(192, 11.00, 14.00, 14.00, 14.00, 16.00, 14.00, 16.00, 2),
(193, 12.00, 11.00, 10.00, 10.00, 14.00, 14.00, 10.00, 1),
(193, 13.00, 11.00, 11.00, 8.00, 9.00, 8.00, 15.00, 2),
(194, 14.00, 14.00, 14.00, 8.00, 16.00, 8.00, 11.00, 1),
(194, 11.00, 16.00, 16.00, 14.00, 14.00, 14.00, 9.00, 2),
(196, 7.00, 16.00, 16.00, 10.00, 12.00, 10.00, 7.00, 1),
(196, 7.00, 15.00, 15.00, 10.00, 16.00, 10.00, 8.00, 2),
(197, 13.00, 15.00, 15.00, 9.00, 8.00, 9.00, 16.00, 1),
(197, 7.00, 9.00, 9.00, 12.00, 7.00, 12.00, 15.00, 2),
(198, 14.00, 15.00, 15.00, 8.00, 11.00, 8.00, 12.00, 1),
(198, 11.00, 9.00, 9.00, 15.00, 14.00, 15.00, 10.00, 2),
(199, 12.00, 11.00, 11.00, 11.00, 10.00, 11.00, 13.00, 1),
(199, 13.00, 14.00, 14.00, 15.00, 14.00, 15.00, 12.00, 2),
(200, 8.00, 7.00, 7.00, 15.00, 13.00, 15.00, 7.00, 1),
(200, 10.00, 9.00, 9.00, 10.00, 7.00, 10.00, 11.00, 2),
(201, 9.00, 13.00, 13.00, 10.00, 14.00, 10.00, 13.00, 1),
(201, 13.00, 7.00, 7.00, 11.00, 11.00, 11.00, 11.00, 2),
(202, 8.00, 8.00, 8.00, 14.00, 16.00, 14.00, 15.00, 1),
(202, 14.00, 15.00, 15.00, 9.00, 13.00, 9.00, 11.00, 2),
(203, 14.00, 8.00, 8.00, 7.00, 13.00, 7.00, 13.00, 1),
(203, 16.00, 11.00, 11.00, 10.00, 9.00, 10.00, 16.00, 2),
(204, 7.00, 7.00, 7.00, 14.00, 16.00, 14.00, 14.00, 1),
(204, 15.00, 14.00, 14.00, 15.00, 11.00, 15.00, 11.00, 2),
(205, 13.00, 11.00, 11.00, 9.00, 15.00, 9.00, 12.00, 1),
(205, 10.00, 9.00, 9.00, 7.00, 8.00, 7.00, 7.00, 2),
(206, 14.00, 8.00, 8.00, 15.00, 16.00, 15.00, 14.00, 1),
(206, 15.00, 10.00, 10.00, 9.00, 10.00, 9.00, 8.00, 2),
(207, 8.00, 14.00, 14.00, 7.00, 9.00, 7.00, 12.00, 1),
(207, 12.00, 13.00, 13.00, 15.00, 8.00, 15.00, 10.00, 2),
(208, 16.00, 16.00, 16.00, 14.00, 10.00, 14.00, 9.00, 1),
(208, 7.00, 8.00, 8.00, 10.00, 9.00, 10.00, 12.00, 2),
(209, 12.00, 9.00, 9.00, 8.00, 11.00, 8.00, 15.00, 1),
(209, 14.00, 15.00, 15.00, 7.00, 12.00, 7.00, 15.00, 2),
(210, 15.00, 12.00, 12.00, 15.00, 9.00, 15.00, 11.00, 1),
(210, 14.00, 7.00, 7.00, 15.00, 15.00, 15.00, 8.00, 2),
(211, 13.00, 11.00, 11.00, 12.00, 8.00, 12.00, 8.00, 1),
(211, 14.00, 7.00, 7.00, 12.00, 12.00, 12.00, 12.00, 2),
(212, 7.00, 10.00, 10.00, 12.00, 7.00, 12.00, 8.00, 1),
(212, 10.00, 15.00, 15.00, 14.00, 10.00, 14.00, 12.00, 2),
(213, 8.00, 14.00, 14.00, 11.00, 13.00, 11.00, 13.00, 1),
(213, 10.00, 16.00, 16.00, 10.00, 16.00, 10.00, 8.00, 2),
(214, 9.00, 14.00, 14.00, 10.00, 10.00, 10.00, 14.00, 1),
(214, 7.00, 13.00, 13.00, 15.00, 8.00, 15.00, 11.00, 2),
(215, 13.00, 13.00, 13.00, 16.00, 12.00, 16.00, 13.00, 1),
(215, 14.00, 14.00, 14.00, 9.00, 11.00, 9.00, 10.00, 2),
(216, 13.00, 13.00, 13.00, 16.00, 10.00, 16.00, 11.00, 1),
(216, 8.00, 16.00, 16.00, 8.00, 9.00, 8.00, 13.00, 2),
(217, 13.00, 10.00, 10.00, 15.00, 11.00, 15.00, 8.00, 1),
(217, 10.00, 13.00, 13.00, 10.00, 14.00, 10.00, 11.00, 2),
(218, 11.00, 12.00, 12.00, 10.00, 9.00, 10.00, 10.00, 1),
(218, 9.00, 12.00, 12.00, 12.00, 7.00, 12.00, 14.00, 2),
(219, 15.00, 10.00, 10.00, 10.00, 7.00, 10.00, 8.00, 1),
(219, 9.00, 9.00, 9.00, 10.00, 15.00, 10.00, 9.00, 2),
(220, 12.00, 8.00, 8.00, 13.00, 13.00, 13.00, 16.00, 1),
(220, 12.00, 11.00, 11.00, 15.00, 14.00, 15.00, 16.00, 2),
(221, 7.00, 10.00, 10.00, 14.00, 12.00, 14.00, 10.00, 1),
(221, 10.00, 15.00, 15.00, 12.00, 13.00, 12.00, 14.00, 2),
(222, 8.00, 15.00, 15.00, 14.00, 14.00, 14.00, 7.00, 1),
(222, 11.00, 12.00, 12.00, 16.00, 12.00, 16.00, 9.00, 2),
(223, 9.00, 9.00, 9.00, 12.00, 11.00, 12.00, 8.00, 1),
(223, 9.00, 15.00, 15.00, 14.00, 10.00, 14.00, 12.00, 2),
(224, 10.00, 7.00, 7.00, 14.00, 10.00, 14.00, 10.00, 1),
(224, 8.00, 8.00, 8.00, 9.00, 15.00, 9.00, 11.00, 2),
(225, 7.00, 16.00, 16.00, 8.00, 12.00, 8.00, 16.00, 1),
(225, 7.00, 13.00, 13.00, 8.00, 8.00, 8.00, 16.00, 2),
(226, 7.00, 10.00, 10.00, 14.00, 16.00, 14.00, 7.00, 1),
(226, 14.00, 9.00, 9.00, 9.00, 11.00, 9.00, 13.00, 2),
(227, 16.00, 8.00, 8.00, 12.00, 10.00, 12.00, 9.00, 1),
(227, 15.00, 16.00, 16.00, 16.00, 13.00, 16.00, 14.00, 2),
(228, 16.00, 14.00, 14.00, 7.00, 14.00, 7.00, 10.00, 1),
(228, 13.00, 13.00, 13.00, 13.00, 12.00, 13.00, 8.00, 2),
(229, 15.00, 9.00, 9.00, 15.00, 15.00, 15.00, 13.00, 1),
(229, 7.00, 13.00, 13.00, 16.00, 16.00, 16.00, 8.00, 2),
(230, 15.00, 11.00, 11.00, 11.00, 15.00, 11.00, 11.00, 1),
(230, 10.00, 12.00, 12.00, 14.00, 16.00, 14.00, 14.00, 2),
(231, 7.00, 11.00, 11.00, 13.00, 13.00, 13.00, 15.00, 1),
(231, 11.00, 14.00, 14.00, 12.00, 7.00, 12.00, 12.00, 2),
(232, 12.00, 12.00, 12.00, 13.00, 15.00, 13.00, 16.00, 1),
(232, 9.00, 9.00, 9.00, 11.00, 16.00, 11.00, 16.00, 2),
(233, 7.00, 9.00, 9.00, 7.00, 16.00, 7.00, 7.00, 1),
(233, 15.00, 7.00, 7.00, 11.00, 13.00, 11.00, 9.00, 2),
(234, 12.00, 8.00, 8.00, 7.00, 15.00, 7.00, 14.00, 1),
(234, 8.00, 13.00, 13.00, 13.00, 12.00, 13.00, 10.00, 2),
(235, 10.00, 10.00, 10.00, 9.00, 8.00, 9.00, 14.00, 1),
(235, 8.00, 16.00, 16.00, 15.00, 11.00, 15.00, 8.00, 2),
(236, 7.00, 8.00, 8.00, 10.00, 12.00, 10.00, 8.00, 1),
(236, 16.00, 7.00, 7.00, 10.00, 9.00, 10.00, 9.00, 2),
(237, 9.00, 8.00, 8.00, 8.00, 9.00, 10.00, 9.00, 1),
(237, 13.00, 12.00, 12.00, 9.00, 12.00, 9.00, 12.00, 2),
(238, 8.00, 10.00, 14.00, 15.00, 15.00, 12.00, 13.00, 1),
(238, 9.00, 16.00, 16.00, 7.00, 12.00, 7.00, 8.00, 2),
(239, 15.00, 12.00, 14.00, 12.00, 10.00, 12.00, 12.00, 1),
(239, 9.00, 8.00, 8.00, 12.00, 13.00, 12.00, 7.00, 2),
(240, 15.00, 12.00, 9.00, 8.00, 7.00, 6.00, 9.00, 1),
(240, 9.00, 14.00, 14.00, 10.00, 7.00, 10.00, 12.00, 2),
(241, 13.00, 14.00, 10.00, 12.00, 9.00, 11.00, 13.00, 1),
(241, 8.00, 12.00, 12.00, 10.00, 11.00, 10.00, 12.00, 2),
(242, 13.00, 12.00, 11.00, 12.00, 13.00, 14.00, 16.00, 1),
(242, 9.00, 10.00, 10.00, 8.00, 14.00, 8.00, 7.00, 2),
(243, 13.00, 12.00, 14.00, 13.00, 14.00, 14.00, 14.00, 1),
(243, 15.00, 10.00, 10.00, 15.00, 9.00, 15.00, 8.00, 2),
(244, 13.00, 13.00, 12.00, 12.00, 13.00, 13.00, 11.00, 1),
(244, 11.00, 15.00, 15.00, 16.00, 10.00, 16.00, 11.00, 2),
(245, 11.00, 12.00, 12.00, 11.00, 12.00, 12.00, 11.00, 1),
(245, 13.00, 10.00, 10.00, 15.00, 10.00, 15.00, 9.00, 2),
(246, 12.00, 12.00, 11.00, 11.00, 10.00, 10.00, 10.00, 1),
(246, 9.00, 7.00, 7.00, 11.00, 8.00, 11.00, 15.00, 2),
(247, 12.00, 12.00, 12.00, 12.00, 11.00, 11.00, 10.00, 1),
(247, 16.00, 10.00, 10.00, 13.00, 16.00, 13.00, 13.00, 2),
(248, 9.00, 8.00, 9.00, 8.00, 9.00, 8.00, 9.00, 1),
(248, 10.00, 14.00, 14.00, 11.00, 12.00, 11.00, 9.00, 2),
(249, 9.00, 8.00, 9.00, 8.00, 8.00, 9.00, 8.00, 1),
(249, 14.00, 12.00, 12.00, 14.00, 15.00, 14.00, 10.00, 2),
(250, 12.00, 12.00, 12.00, 12.00, 11.00, 11.00, 11.00, 1),
(250, 11.00, 12.00, 12.00, 12.00, 13.00, 12.00, 14.00, 2),
(251, 13.00, 14.00, 15.00, 13.00, 14.00, 12.00, 13.00, 1),
(251, 7.00, 16.00, 16.00, 16.00, 14.00, 16.00, 9.00, 2),
(252, 12.00, 13.00, 13.00, 13.00, 15.00, 12.00, 12.00, 1),
(252, 16.00, 16.00, 16.00, 14.00, 16.00, 14.00, 7.00, 2),
(253, 11.00, 13.00, 14.00, 11.00, 11.00, 12.00, 13.00, 1),
(253, 12.00, 12.00, 12.00, 9.00, 11.00, 9.00, 7.00, 2),
(254, 13.00, 13.00, 13.00, 12.00, 12.00, 12.00, 13.00, 1),
(254, 13.00, 8.00, 8.00, 11.00, 8.00, 11.00, 13.00, 2),
(255, 14.00, 13.00, 12.00, 11.00, 12.00, 12.00, 12.00, 1),
(255, 15.00, 14.00, 14.00, 16.00, 10.00, 16.00, 16.00, 2),
(256, 11.00, 12.00, 12.00, 13.00, 13.00, 12.00, 12.00, 1),
(256, 9.00, 13.00, 13.00, 10.00, 16.00, 10.00, 14.00, 2),
(257, 12.00, 12.00, 10.00, 9.00, 9.00, 9.00, 9.00, 1),
(257, 16.00, 11.00, 11.00, 13.00, 9.00, 13.00, 8.00, 2),
(258, 12.00, 11.00, 11.00, 11.00, 11.00, 11.00, 11.00, 1),
(258, 7.00, 16.00, 16.00, 12.00, 11.00, 12.00, 15.00, 2);

-- --------------------------------------------------------

--
-- Table structure for table `tblsecurity`
--

CREATE TABLE IF NOT EXISTS `tblsecurity` (
  `group_id` int(11) NOT NULL,
  `operator_id` int(11) NOT NULL,
  `permission` tinyint(4) DEFAULT NULL,
  PRIMARY KEY (`group_id`,`operator_id`),
  KEY `operator_id` (`operator_id`) USING BTREE,
  KEY `group_id` (`group_id`) USING BTREE
) ENGINE=InnoDB DEFAULT CHARSET=utf8 COLLATE=utf8_bin;

-- --------------------------------------------------------

--
-- Table structure for table `tblsemester`
--

CREATE TABLE IF NOT EXISTS `tblsemester` (
  `id` int(11) NOT NULL AUTO_INCREMENT,
  `semester` varchar(100) COLLATE utf8_bin DEFAULT NULL,
  `year` varchar(20) COLLATE utf8_bin DEFAULT NULL,
  `description` varchar(255) COLLATE utf8_bin DEFAULT NULL,
  PRIMARY KEY (`id`),
  KEY `semester` (`semester`) USING BTREE
) ENGINE=InnoDB  DEFAULT CHARSET=utf8 COLLATE=utf8_bin AUTO_INCREMENT=6 ;

--
-- Dumping data for table `tblsemester`
--

INSERT INTO `tblsemester` (`id`, `semester`, `year`, `description`) VALUES
(1, 'Jan - Jul, 2015', '2015', 'first term of 2015'),
(3, 'Jul 2015 - Jan 2016', '2015', 'this is the last term of 2015 form July 2015 to Jan 2016'),
(4, 'Jul 2014 - Jan 2015', '2014', ''),
(5, 'Jan - Jul, 2016', '2016', 'first term of 2016');

-- --------------------------------------------------------

--
-- Table structure for table `tblstaff`
--

CREATE TABLE IF NOT EXISTS `tblstaff` (
  `id` int(11) NOT NULL AUTO_INCREMENT,
  `name` varchar(100) CHARACTER SET utf8 COLLATE utf8_bin NOT NULL,
  `gender` varchar(15) CHARACTER SET utf8 COLLATE utf8_bin NOT NULL,
  `function` varchar(255) CHARACTER SET utf8 COLLATE utf8_bin NOT NULL,
  `phone` varchar(20) CHARACTER SET utf8 COLLATE utf8_bin NOT NULL DEFAULT 'No Phone' COMMENT '''No Phone''',
  `email` varchar(55) CHARACTER SET utf8 COLLATE utf8_bin NOT NULL DEFAULT 'No email' COMMENT '''No email''',
  `address` varchar(255) CHARACTER SET utf8 COLLATE utf8_bin DEFAULT NULL,
  PRIMARY KEY (`id`)
) ENGINE=InnoDB  DEFAULT CHARSET=latin1 AUTO_INCREMENT=59 ;

--
-- Dumping data for table `tblstaff`
--

INSERT INTO `tblstaff` (`id`, `name`, `gender`, `function`, `phone`, `email`, `address`) VALUES
(4, 'Sam Ku Sokun', 'F', 'teacher', '012 934 325', 'sam_sokun@gmail.com', 'battambang, battambang'),
(5, 'Loa Vantha', 'M', 'teacher', '089774573', 'vantha003@gmail.com', 'battambang, battambang'),
(6, 'Nea DaNeat', 'M', 'teacher', '089347387', 'No email', 'Battambang, Battambang'),
(7, 'B.Makara', 'F', 'Teacher', '12558812', 'B.Makara@gmail.com', 'Battambang'),
(8, 'Buth Chum', 'M', 'Teacher', '12558813', 'Buth.chum@gmail.com', 'Battambang'),
(9, 'C.Kosal', 'F', 'Teacher', '12558814', 'C.Kosal@gmail.com', 'Battambang'),
(10, 'C.Veasna', 'M', 'Teacher', '12558815', 'veasna@gmail.com', 'Battambang'),
(11, 'Chh.Burak', 'F', 'Teacher', '12558816', 'Chh.Burak@gmail.com', 'Battambang'),
(12, 'Chh.Pov', 'M', 'Teacher', '12558817', 'Chh.Pov@gmail.com', 'Battambang'),
(13, 'Chhim Tep', 'F', 'Teacher', '12558818', 'Chhim Tep@gmail.com', 'Battambang'),
(14, 'D.Simoeut', 'M', 'Teacher', '12558819', 'D.Simoeut168@gmail.com', 'Battambang'),
(15, 'E.Saroeun', 'F', 'Teacher', '12558820', 'E.Saroeun@gmail.com', 'Battambang'),
(16, 'Phat Kungkea', 'M', 'teacher', '089384988', 'kungkea55@gmail.com', 'BTB'),
(18, 'Sey Ha', 'M', 'Security', '0988765544', 'No email', 'Pailin Province'),
(19, 'Bunghong', 'M', 'IT Maintenance', '0998765444', 'No email', 'Battambang'),
(20, 'Em Ban', 'M', 'Teacher', '12558821', 'Em Ban@gmail.com', 'Battambang'),
(21, 'H.Heang', 'F', 'Teacher', '12558822', 'H.Heang@gmail.com', 'Battambang'),
(22, 'H.Piseth', 'M', 'Teacher', '12558823', 'H.Piseth@gmail.com', 'Battambang'),
(23, 'H.Sinourn', 'F', 'Teacher', '12558824', 'H.Sinourn@gmail.com', 'Battambang'),
(24, 'H.Sophon', 'M', 'Teacher', '12558825', 'H.Sophon@gmail.com', 'Battambang'),
(25, 'Heng Rim', 'F', 'Teacher', '12558826', 'Heng Rim@gmail.com', 'Battambang'),
(26, 'Hiek Phalla', 'M', 'Teacher', '12558827', 'Hiek Phalla@gmail.com', 'Battambang'),
(27, 'Hum Chan', 'F', 'Teacher', '12558828', 'Hum Chan@gmail.com', 'Battambang'),
(28, 'K.Kheang', 'M', 'Teacher', '12558829', 'K.Kheang@gmail.com', 'Battambang'),
(29, 'K.Phirun', 'F', 'Teacher', '12558830', 'K.Phirun@gmail.com', 'Battambang'),
(30, 'K.Songleng', 'M', 'Teacher', '12558831', 'K.Songleng@gmail.com', 'Battambang'),
(31, 'L.Borath', 'F', 'Teacher', '12558832', 'L.Borath@gmail.com', 'Battambang'),
(32, 'Lep Asy', 'M', 'Teacher', '12558833', 'Lep Asy@gmail.com', 'Battambang'),
(33, 'M.Reaksa', 'F', 'Teacher', '12558834', 'M.Reaksa@gmail.com', 'Battambang'),
(34, 'N.Rathana', 'M', 'Teacher', '12558835', 'N.Rathana@gmail.com', 'Battambang'),
(35, 'O.C.Roeun', 'F', 'Teacher', '12558836', 'O.C.Roeun@gmail.com', 'Battambang'),
(36, 'P.S.Phors', 'M', 'Teacher', '12558837', 'P.S.Phors@gmail.com', 'Battambang'),
(37, 'P.Sophany', 'F', 'Teacher', '12558838', 'P.Sophany@gmail.com', 'Battambang'),
(38, 'Pech Peou', 'M', 'Teacher', '12558839', 'Pech Peou@gmail.com', 'Battambang'),
(39, 'Keo Sarith', 'F', 'Accounting', '012558840', 'keo.Sarith@gmail.com', 'Battambang'),
(40, 'R.Boun', 'M', 'Teacher', '12558841', 'R.Boun@gmail.com', 'Battambang'),
(41, 'R.Chantra', 'F', 'Teacher', '12558842', 'R.Chantra@gmail.com', 'Battambang'),
(42, 'R.Savuth', 'M', 'Teacher', '12558843', 'R.Savuth@gmail.com', 'Battambang'),
(43, 'S.Chhorvant', 'F', 'Teacher', '12558844', 'S.Chhorvant@gmail.com', 'Battambang'),
(44, 'S.Kanha', 'M', 'Teacher', '12558845', 'S.Kanha@gmail.com', 'Battambang'),
(45, 'S.Kimleng', 'F', 'Teacher', '12558846', 'S.Kimleng@gmail.com', 'Battambang'),
(46, 'S.Sovanna', 'M', 'Teacher', '12558847', 'S.Sovanna@gmail.com', 'Battambang'),
(47, 'S.Theary', 'F', 'Teacher', '12558848', 'S.Theary@gmail.com', 'Battambang'),
(48, 'Sang Hong', 'M', 'Teacher', '12558849', 'Sang Hong@gmail.com', 'Battambang'),
(49, 'Sok Van', 'F', 'Teacher', '12558850', 'Sok Van@gmail.com', 'Battambang'),
(50, 'Song.Deth', 'M', 'Teacher', '12558851', 'Song.Deth@gmail.com', 'Battambang'),
(51, 'T.Samruom', 'F', 'Teacher', '12558852', 'T.Samruom@gmail.com', 'Battambang'),
(52, 'T.Soksan', 'M', 'Teacher', '12558853', 'T.Soksan@gmail.com', 'Battambang'),
(53, 'Un Vichet', 'F', 'Teacher', '12558854', 'Un Vichet@gmail.com', 'Battambang'),
(54, 'V.Kosal', 'M', 'Teacher', '12558855', 'V.Kosal@gmail.com', 'Battambang'),
(55, 'Ven Vuthy', 'F', 'Assistant', '12558856', 'VenVuthy@gmail.com', 'Battambang'),
(56, 'Y.Yoeurth', 'M', 'Teacher', '12558857', 'Y.Yoeurth@gmail.com', 'Battambang'),
(57, 'Suchea Bey', 'M', 'IT', '089792330', 'bsuchea@gmail.com', 'btb');

-- --------------------------------------------------------

--
-- Table structure for table `tblstudent`
--

CREATE TABLE IF NOT EXISTS `tblstudent` (
  `id` bigint(20) NOT NULL AUTO_INCREMENT,
  `name` varchar(100) CHARACTER SET utf8 COLLATE utf8_bin DEFAULT NULL,
  `gender` varchar(15) CHARACTER SET utf8 COLLATE utf8_bin DEFAULT NULL,
  `job` varchar(255) CHARACTER SET utf8 COLLATE utf8_bin DEFAULT NULL,
  `phone` varchar(20) CHARACTER SET utf8 COLLATE utf8_bin DEFAULT NULL,
  `dob` date DEFAULT NULL,
  `address` varchar(255) CHARACTER SET utf8 COLLATE utf8_bin DEFAULT NULL,
  PRIMARY KEY (`id`)
) ENGINE=InnoDB  DEFAULT CHARSET=latin1 AUTO_INCREMENT=482 ;

--
-- Dumping data for table `tblstudent`
--

INSERT INTO `tblstudent` (`id`, `name`, `gender`, `job`, `phone`, `dob`, `address`) VALUES
(1, 'Bun Chanchetra', 'F', 'student', '098117733', '1993-12-10', 'Battambang'),
(2, 'Bunrith Sothy', 'M', 'student', '098123734', '1993-12-11', 'Battambang'),
(3, 'Chhem Promchanminea', 'M', 'student', '098129735', '1993-12-12', 'Battambang'),
(4, 'Chhin Senghour', 'M', 'student', '098135736', '1993-12-13', 'Battambang'),
(5, 'Chrech Vannak', 'M', 'student', '098141737', '1993-12-14', 'Battambang'),
(6, 'Dy Phireak', 'M', 'student', '098147738', '1993-12-15', 'Battambang'),
(7, 'Heang Narin', 'F', 'student', '098153739', '1993-12-16', 'Battambang'),
(8, 'Leng Sreyroth', 'F', 'student', '098159740', '1993-12-17', 'Battambang'),
(9, 'Mang Sereynet', 'F', 'student', '098165741', '1993-12-18', 'Battambang'),
(10, 'Mao Sreymey', 'F', 'student', '098171742', '1993-12-19', 'Battambang'),
(11, 'Mith Ariya', 'F', 'student', '098177743', '1993-12-20', 'Battambang'),
(12, 'Morm Socheata', 'F', 'student', '098183744', '1993-12-21', 'Battambang'),
(13, 'Nem Sangvath', 'M', 'student', '098189745', '1993-12-22', 'Battambang'),
(14, 'Nhem TithOudome', 'M', 'student', '098195746', '1993-12-23', 'Battambang'),
(15, 'Ouk KimYi', 'F', 'student', '098201747', '1993-12-24', 'Battambang'),
(16, 'Pov  Visai', 'M', 'student', '098207748', '1993-12-25', 'Battambang'),
(17, 'Pring Phyrath', 'M', 'student', '098213749', '1993-12-26', 'Battambang'),
(18, 'Rith Banra', 'M', 'student', '098219750', '1993-12-27', 'Battambang'),
(19, 'Sokha Kimly', 'M', 'student', '098225751', '1993-12-28', 'Battambang'),
(20, 'Uon Sonita', 'F', 'student', '098231752', '1993-12-29', 'Battambang'),
(21, 'Vanna Odam', 'M', 'student', '098237753', '1993-12-30', 'Battambang'),
(22, 'Yoeut Socheat', 'F', 'student', '098243754', '1993-12-31', 'Battambang'),
(23, 'Chhieng Samedy', 'M', 'student', '098249755', '1994-01-01', 'Battambang'),
(24, 'Chreng Chathou', 'F', 'student', '098255756', '1994-01-02', 'Battambang'),
(25, 'Hy Somalika', 'F', 'student', '098261757', '1994-01-03', 'Battambang'),
(26, 'Kdep Khanoeng', 'M', 'student', '098267758', '1994-01-04', 'Battambang'),
(27, 'Khom SouGach', 'F', 'student', '098273759', '1994-01-05', 'Battambang'),
(28, 'Ny Sokkunmealea', 'F', 'student', '098279760', '1994-01-06', 'Battambang'),
(29, 'Phun Sophorn', 'M', 'student', '098285761', '1994-01-07', 'Battambang'),
(30, 'Run Sovanneth', 'F', 'student', '098291762', '1994-01-08', 'Battambang'),
(31, 'Taing BengIn', 'M', 'student', '098297763', '1994-01-09', 'Battambang'),
(32, 'Thoung Longdy', 'M', 'student', '098303764', '1994-01-10', 'Battambang'),
(33, 'Ung Lychheng', 'F', 'student', '098309765', '1994-01-11', 'Battambang'),
(34, 'Vy Dythanan', 'M', 'student', '098315766', '1994-01-12', 'Battambang'),
(35, 'Bunreth Nihrant', 'M', 'student', '098321767', '1994-01-13', 'Battambang'),
(36, 'Chamroeun Sokunleaphy', 'F', 'student', '098327768', '1994-01-14', 'Battambang'),
(37, 'Chan Seavnay', 'F', 'student', '098333769', '1994-01-15', 'Battambang'),
(38, 'Chea Hengleang', 'M', 'student', '098339770', '1994-01-16', 'Battambang'),
(39, 'Cheu Sokyean', '', 'student', '098345771', '1994-01-17', 'Battambang'),
(40, 'Chhoun Seavchhing', 'F', 'student', '098351772', '1994-01-18', 'Battambang'),
(41, 'Chhoy Chhanithav', 'F', 'student', '098357773', '1994-01-19', 'Battambang'),
(42, 'Chhuoth Eliza', 'F', 'student', '098363774', '1994-01-20', 'Battambang'),
(43, 'Chhy Rideth', 'F', 'student', '098369775', '1994-01-21', 'Battambang'),
(44, 'Chui Chheavly', 'F', 'student', '098375776', '1994-01-22', 'Battambang'),
(45, 'Chum Sok Hour', 'M', 'student', '098381777', '1994-01-23', 'Battambang'),
(46, 'Dos Kimlayheang', 'F', 'student', '098387778', '1994-01-24', 'Battambang'),
(47, 'Doung Kimleang', 'F', 'student', '098393779', '1994-01-25', 'Battambang'),
(48, 'Em Vibol', 'M', 'student', '098399780', '1994-01-26', 'Battambang'),
(49, 'Heng Kanda', 'M', 'student', '098405781', '1994-01-27', 'Battambang'),
(50, 'Heng Sivchheng', 'F', 'student', '098411782', '1994-01-28', 'Battambang'),
(51, 'Heng Sophanut', 'F', 'student', '098417783', '1994-01-29', 'Battambang'),
(52, 'Heng Vatey', 'F', 'student', '098423784', '1994-01-30', 'Battambang'),
(53, 'Hour Sangvapich', 'F', 'student', '098429785', '1994-01-31', 'Battambang'),
(54, 'Hour Sothearith', 'M', 'student', '098435786', '1994-02-01', 'Battambang'),
(55, 'Hout LimEng', 'M', 'student', '098441787', '1994-02-02', 'Battambang'),
(56, 'Im Polimey', 'F', 'student', '098447788', '1994-02-03', 'Battambang'),
(57, 'Ith Chinglinh', 'F', 'student', '098453789', '1994-02-04', 'Battambang'),
(58, 'Ith PutheaDariya', 'F', 'student', '098459790', '1994-02-05', 'Battambang'),
(59, 'Kao Sreylin', 'F', 'student', '098465791', '1994-02-06', 'Battambang'),
(60, 'Kel Poeurn', 'F', 'student', '098471792', '1994-02-07', 'Battambang'),
(61, 'Keo Channa', 'F', 'student', '098477793', '1994-02-08', 'Battambang'),
(62, 'Kiry Sreynich', 'F', 'student', '098483794', '1994-02-09', 'Battambang'),
(63, 'Kong BunMeng', 'M', 'student', '098489795', '1994-02-10', 'Battambang'),
(64, 'Ky Kimsan', 'F', 'student', '098495796', '1994-02-11', 'Battambang'),
(65, 'Ky Liza', 'F', 'student', '098501797', '1994-02-12', 'Battambang'),
(66, 'Leang Sreyleap', 'F', 'student', '098507798', '1994-02-13', 'Battambang'),
(67, 'Lee Mengchou', 'F', 'student', '098513799', '1994-02-14', 'Battambang'),
(68, 'Long Leapchenda', 'F', 'student', '098519800', '1994-02-15', 'Battambang'),
(69, 'Luom Seiha', 'F', 'student', '098525801', '1994-02-16', 'Battambang'),
(70, 'Ly Kim E', 'F', 'student', '098531802', '1994-02-17', 'Battambang'),
(71, 'Ly Senglim', 'M', 'student', '098537803', '1994-02-18', 'Battambang'),
(72, 'Ly Sorsivchinh', 'F', 'student', '098543804', '1994-02-19', 'Battambang'),
(73, 'Ly Sreyleap', 'F', 'student', '098549805', '1994-02-20', 'Battambang'),
(74, 'Man Nysa', 'F', 'student', '098555806', '1994-02-21', 'Battambang'),
(75, 'Mey Keorachana', 'F', 'student', '098561807', '1994-02-22', 'Battambang'),
(76, 'Muy Visotheary', 'F', 'student', '098567808', '1994-02-23', 'Battambang'),
(77, 'Muy Vitou', 'M', 'student', '098573809', '1994-02-24', 'Battambang'),
(78, 'Ngoun Liza', 'F', 'student', '098579810', '1994-02-25', 'Battambang'),
(79, 'Ngy Kimhok', 'M', 'student', '098585811', '1994-02-26', 'Battambang'),
(80, 'Nil Kimlun', 'F', 'student', '098591812', '1994-02-27', 'Battambang'),
(81, 'Nuy Bunleang', 'F', 'student', '098597813', '1994-02-28', 'Battambang'),
(82, 'Ou Samnang', 'M', 'student', '098603814', '1994-03-01', 'Battambang'),
(83, 'Ouk Sokvichhika', 'F', 'student', '098609815', '1994-03-02', 'Battambang'),
(84, 'Oul Vibol', 'M', 'student', '098615816', '1994-03-03', 'Battambang'),
(85, 'Pan Soketanak', 'M', 'student', '098621817', '1994-03-04', 'Battambang'),
(86, 'Pheap Somaly', 'F', 'student', '098627818', '1994-03-05', 'Battambang'),
(87, 'Pheng Anann', 'M', 'student', '098633819', '1994-03-06', 'Battambang'),
(88, 'Phoeng Sophanna', 'M', 'student', '098639820', '1994-03-07', 'Battambang'),
(89, 'Phorn Phanady', 'F', 'student', '098645821', '1994-03-08', 'Battambang'),
(90, 'Piseth Somarotey', 'F', 'student', '098651822', '1994-03-09', 'Battambang'),
(91, 'Poeurn Phanith', 'F', 'student', '098657823', '1994-03-10', 'Battambang'),
(92, 'Prounh Saraphim', 'F', 'student', '098663824', '1994-03-11', 'Battambang'),
(93, 'Rith Sophara', 'M', 'student', '098669825', '1994-03-12', 'Battambang'),
(94, 'Roeun Hor', 'M', 'student', '098675826', '1994-03-13', 'Battambang'),
(95, 'Roeurn Chantha', 'F', 'student', '098681827', '1994-03-14', 'Battambang'),
(96, 'Ry Channou', 'F', 'student', '098687828', '1994-03-15', 'Battambang'),
(97, 'Sam Kanha', 'F', 'student', '098693829', '1994-03-16', 'Battambang'),
(98, 'San Leanghai', 'M', 'student', '098699830', '1994-03-17', 'Battambang'),
(99, 'San Sreyneath', 'F', 'student', '098705831', '1994-03-18', 'Battambang'),
(100, 'Sandos Chanthoun', 'F', 'student', '098711832', '1994-03-19', 'Battambang'),
(101, 'Sangvath Savorn', 'F', 'student', '098717833', '1994-03-20', 'Battambang'),
(102, 'Sangvath Vichi', 'F', 'student', '098723834', '1994-03-21', 'Battambang'),
(103, 'Seng Suychheng', 'F', 'student', '098729835', '1994-03-22', 'Battambang'),
(104, 'Seng Vithyea', 'M', 'student', '098735836', '1994-03-23', 'Battambang'),
(105, 'Sin BunSeng', 'M', 'student', '098741837', '1994-03-24', 'Battambang'),
(106, 'Siv Kolvathana', 'M', 'student', '098747838', '1994-03-25', 'Battambang'),
(107, 'Sok Chivorn', 'M', 'student', '098753839', '1994-03-26', 'Battambang'),
(108, 'Sok Sorithineath', 'F', 'student', '098759840', '1994-03-27', 'Battambang'),
(109, 'Som Lyhok', 'M', 'student', '098765841', '1994-03-28', 'Battambang'),
(110, 'Sorng Chanlyda', 'F', 'student', '098771842', '1994-03-29', 'Battambang'),
(111, 'Sun Chhunty', 'F', 'student', '098777843', '1994-03-30', 'Battambang'),
(112, 'Suon Siyan', 'F', 'student', '098783844', '1994-03-31', 'Battambang'),
(113, 'Suon Siyean', 'F', 'student', '098789845', '1994-04-01', 'Battambang'),
(114, 'Taing Somavetey', 'F', 'student', '098795846', '1994-04-02', 'Battambang'),
(115, 'That Leapchheang', 'M', 'student', '098801847', '1994-04-03', 'Battambang'),
(116, 'Theam Andy', 'M', 'student', '098807848', '1994-04-04', 'Battambang'),
(117, 'Thing Sophaneth', 'M', 'student', '098813849', '1994-04-05', 'Battambang'),
(118, 'Thoeun Sothonn', 'M', 'student', '098819850', '1994-04-06', 'Battambang'),
(119, 'Thon Sakal', 'M', 'student', '098825851', '1994-04-07', 'Battambang'),
(120, 'Thorn Solideth', 'F', 'student', '098831852', '1994-04-08', 'Battambang'),
(121, 'Tory Nalin', 'F', 'student', '098837853', '1994-04-09', 'Battambang'),
(122, 'Tun Sokneng', 'F', 'student', '098843854', '1994-04-10', 'Battambang'),
(123, 'Vuth Chheavhun', 'F', 'student', '098849855', '1994-04-11', 'Battambang'),
(124, 'Vutho Koneat', '', 'student', '098855856', '1994-04-12', 'Battambang'),
(125, 'Yam Povheng', 'M', 'student', '098861857', '1994-04-13', 'Battambang'),
(126, 'Borey Stapor', 'F', 'student', '098867858', '1994-04-14', 'Battambang'),
(127, 'Chea Bunmeng', 'M', 'student', '098873859', '1994-04-15', 'Battambang'),
(128, 'Chea Dalong', 'M', 'student', '098879860', '1994-04-16', 'Battambang'),
(129, 'Chea Mouyguech', 'F', 'student', '098885861', '1994-04-17', 'Battambang'),
(130, 'Chhang Chanda', 'F', 'student', '098891862', '1994-04-18', 'Battambang'),
(131, 'Chheang Makthura', 'M', 'student', '098897863', '1994-04-19', 'Battambang'),
(132, 'Chhoeung Mary', 'F', 'student', '098903864', '1994-04-20', 'Battambang'),
(133, 'Chhuon Aliza', 'F', 'student', '098909865', '1994-04-21', 'Battambang'),
(134, 'Heang Lihoung', 'F', 'student', '098915866', '1994-04-22', 'Battambang'),
(135, 'Kheng Seaklean', 'F', 'student', '098921867', '1994-04-23', 'Battambang'),
(136, 'Kim Phally', 'F', 'student', '098927868', '1994-04-24', 'Battambang'),
(137, 'Kuoch Pohong', 'M', 'student', '098933869', '1994-04-25', 'Battambang'),
(138, 'Ly Pengsea', 'M', 'student', '098939870', '1994-04-26', 'Battambang'),
(139, 'Ly Sophen', 'F', 'student', '098945871', '1994-04-27', 'Battambang'),
(140, 'Makara Sophaphorn', 'F', 'student', '098951872', '1994-04-28', 'Battambang'),
(141, 'Meas Pisal', 'M', 'student', '098957873', '1994-04-29', 'Battambang'),
(142, 'Nareth Marchvenmey', 'F', 'student', '098963874', '1994-04-30', 'Battambang'),
(143, 'Ouk Kearathana', 'F', 'student', '098969875', '1994-05-01', 'Battambang'),
(144, 'Pav Kimlay', 'M', 'student', '098975876', '1994-05-02', 'Battambang'),
(145, 'Phouk Vichhay', 'M', 'student', '098981877', '1994-05-03', 'Battambang'),
(146, 'Prom Sokunbosaba', 'F', 'student', '098987878', '1994-05-04', 'Battambang'),
(147, 'Seng Vichea', 'M', 'student', '098993879', '1994-05-05', 'Battambang'),
(148, 'Sorn Bunsack', 'M', 'student', '098999880', '1994-05-06', 'Battambang'),
(149, 'Soy Chanthorn', 'M', 'student', '098005881', '1994-05-07', 'Battambang'),
(150, 'Sum Pisey', 'F', 'student', '098011882', '1994-05-08', 'Battambang'),
(151, 'Teak Rithy', 'M', 'student', '098017883', '1994-05-09', 'Battambang'),
(152, 'Thoeurn Sethi', 'M', 'student', '098023884', '1994-05-10', 'Battambang'),
(153, 'Thorn Sreyneang', 'F', 'student', '098029885', '1994-05-11', 'Battambang'),
(154, 'Thuch Somaly', 'F', 'student', '098035886', '1994-05-12', 'Battambang'),
(155, 'Thy Someakna', 'M', 'student', '098041887', '1994-05-13', 'Battambang'),
(156, 'Yann Sivyou', 'F', 'student', '098047888', '1994-05-14', 'Battambang'),
(157, 'Am Sokyou', 'M', 'student', '098053889', '1994-05-15', 'Battambang'),
(158, 'Ang Sokkhey', 'M', 'student', '098059890', '1994-05-16', 'Battambang'),
(159, 'Ang Sokminh', 'Male', 'student', '098065891', '1994-05-17', 'Battambang'),
(160, 'Bun Linda', 'F', 'student', '098071892', '1994-05-18', 'Battambang'),
(161, 'Bun Samnang', 'M', 'student', '098077893', '1994-05-19', 'Battambang'),
(162, 'Chamrong Sokanya', 'F', 'student', '098083894', '1994-05-20', 'Battambang'),
(163, 'Chao CheaE', 'F', 'student', '098089895', '1994-05-21', 'Battambang'),
(164, 'Chao Sounchhee', 'M', 'student', '098095896', '1994-05-22', 'Battambang'),
(165, 'Chau Cheuchhoeng', 'M', 'student', '098101897', '1994-05-23', 'Battambang'),
(166, 'Chea Fahana', 'F', 'student', '098107898', '1994-05-24', 'Battambang'),
(167, 'Chhem Thailong', 'M', 'student', '098113899', '1994-05-25', 'Battambang'),
(168, 'Chhoeurt Sovanchhit', 'M', 'student', '098119900', '1994-05-26', 'Battambang'),
(169, 'Chhon Naza', 'F', 'student', '098125901', '1994-05-27', 'Battambang'),
(170, 'Chhoun Sengsolyda', 'F', 'student', '098131902', '1994-05-28', 'Battambang'),
(171, 'Chhoy Chansophea', 'M', 'student', '098137903', '1994-05-29', 'Battambang'),
(172, 'Chhut Vothy', 'M', 'student', '098143904', '1994-05-30', 'Battambang'),
(173, 'Chor Sivmey', 'F', 'student', '098149905', '1994-05-31', 'Battambang'),
(174, 'Din Sovatha', 'M', 'student', '098155906', '1994-06-01', 'Battambang'),
(175, 'Dul Sonita', 'F', 'student', '098161907', '1994-06-02', 'Battambang'),
(176, 'Duong Vorleak', 'F', 'student', '098167908', '1994-06-03', 'Battambang'),
(177, 'Dy Sreyleak', 'F', 'student', '098173909', '1994-06-04', 'Battambang'),
(178, 'Eang Seavchheng', 'F', 'student', '098179910', '1994-06-05', 'Battambang'),
(179, 'Eang Sophea', 'F', 'student', '098185911', '1994-06-06', 'Battambang'),
(180, 'Ek Darayuth', 'M', 'student', '098191912', '1994-06-07', 'Battambang'),
(181, 'Eung Vichet', 'M', 'student', '098197913', '1994-06-08', 'Battambang'),
(182, 'Heng  Sreyleap', 'F', 'student', '098203914', '1994-06-09', 'Battambang'),
(183, 'Heng Chamroeun', 'M', 'student', '098209915', '1994-06-10', 'Battambang'),
(184, 'heng Lyhour', 'F', 'student', '098215916', '1994-06-11', 'Battambang'),
(185, 'Heng Seyha', 'M', 'student', '098221917', '1994-06-12', 'Battambang'),
(186, 'Hong Lyheng', 'M', 'student', '098227918', '1994-06-13', 'Battambang'),
(187, 'Hong Sivmey', 'F', 'student', '098233919', '1994-06-14', 'Battambang'),
(188, 'Hong Sovichet', 'M', 'student', '098239920', '1994-06-15', 'Battambang'),
(189, 'Hong Visal', 'M', 'student', '098245921', '1994-06-16', 'Battambang'),
(190, 'Hul Kimhong', 'M', 'student', '098251922', '1994-06-17', 'Battambang'),
(191, 'Huon Chhihuy', 'M', 'student', '098257923', '1994-06-18', 'Battambang'),
(192, 'Im Sreynoch', 'F', 'student', '098263924', '1994-06-19', 'Battambang'),
(193, 'Karim Safy', 'M', 'student', '098269925', '1994-06-20', 'Battambang'),
(194, 'Keo Vanda', 'M', 'student', '098275926', '1994-06-21', 'Battambang'),
(195, 'Keo Vandat', 'M', 'student', '098281927', '1994-06-22', 'Battambang'),
(196, 'Keun Sokkeng', 'F', 'student', '098287928', '1994-06-23', 'Battambang'),
(197, 'Khom Sothavathana', '', 'student', '098293929', '1994-06-24', 'Battambang'),
(198, 'Kim Bunchheng', 'M', 'student', '098299930', '1994-06-25', 'Battambang'),
(199, 'Kim Hak', 'M', 'student', '098305931', '1994-06-26', 'Battambang'),
(200, 'Kim Mengleang', 'F', 'student', '098311932', '1994-06-27', 'Battambang'),
(201, 'King Alex', 'M', 'student', '098317933', '1994-06-28', 'Battambang'),
(202, 'Kong Sophadevid', 'M', 'student', '098323934', '1994-06-29', 'Battambang'),
(203, 'Kork Sokliv', 'F', 'student', '098329935', '1994-06-30', 'Battambang'),
(204, 'Kou Sonita', 'F', 'student', '098335936', '1994-07-01', 'Battambang'),
(205, 'Kun ChansereyRachana', 'F', 'student', '098341937', '1994-07-02', 'Battambang'),
(206, 'Kun Soksereyoutdom', 'M', 'student', '098347938', '1994-07-03', 'Battambang'),
(207, 'Kun Sovathana', 'M', 'student', '098353939', '1994-07-04', 'Battambang'),
(208, 'Leang Lyda', 'F', 'student', '098359940', '1994-07-05', 'Battambang'),
(209, 'lies Dalin', 'F', 'student', '098365941', '1994-07-06', 'Battambang'),
(210, 'Ly Sovannara', 'M', 'student', '098371942', '1994-07-07', 'Battambang'),
(211, 'Makara Sophaneat', 'F', 'student', '098377943', '1994-07-08', 'Battambang'),
(212, 'Meas Buntheang', 'M', 'student', '098383944', '1994-07-09', 'Battambang'),
(213, 'Morn Sophealiza', 'F', 'student', '098389945', '1994-07-10', 'Battambang'),
(214, 'Neang Socheata', 'F', 'student', '098395946', '1994-07-11', 'Battambang'),
(215, 'Neng SomboKimvannlida', 'F', 'student', '098401947', '1994-07-12', 'Battambang'),
(216, 'Nhoem Somony', 'M', 'student', '098407948', '1994-07-13', 'Battambang'),
(217, 'Nop ChhaymonyVattanak', 'M', 'student', '098413949', '1994-07-14', 'Battambang'),
(218, 'Norng Sopheaktra', 'M', 'student', '098419950', '1994-07-15', 'Battambang'),
(219, 'Norng Thary', 'F', 'student', '098425951', '1994-07-16', 'Battambang'),
(220, 'Oeun Saorithy', 'M', 'student', '098431952', '1994-07-17', 'Battambang'),
(221, 'Oeurn Keanhong', 'M', 'student', '098437953', '1994-07-18', 'Battambang'),
(222, 'Oum Somavattey', 'F', 'student', '098443954', '1994-07-19', 'Battambang'),
(223, 'Outen Daratin', 'M', 'student', '098449955', '1994-07-20', 'Battambang'),
(224, 'Phan Seavlik', 'F', 'student', '098455956', '1994-07-21', 'Battambang'),
(225, 'Phat Sophoeurn', 'F', 'student', '098461957', '1994-07-22', 'Battambang'),
(226, 'Pheng Seilavally', 'F', 'student', '098467958', '1994-07-23', 'Battambang'),
(227, 'Phin Liza', 'F', 'student', '098473959', '1994-07-24', 'Battambang'),
(228, 'Phon Vochneang', 'F', 'student', '098479960', '1994-07-25', 'Battambang'),
(229, 'Phong PhannOu', 'M', 'student', '098485961', '1994-07-26', 'Battambang'),
(230, 'Phy Sienghay', 'F', 'student', '098491962', '1994-07-27', 'Battambang'),
(231, 'Pich Chanlyda', 'F', 'student', '098497963', '1994-07-28', 'Battambang'),
(232, 'Pon Chantha', 'M', 'student', '098503964', '1994-07-29', 'Battambang'),
(233, 'Por Soknang', 'F', 'student', '098509965', '1994-07-30', 'Battambang'),
(234, 'Rath Sreypich', 'F', 'student', '098515966', '1994-07-31', 'Battambang'),
(235, 'Ros VithPhath', 'M', 'student', '098521967', '1994-08-01', 'Battambang'),
(236, 'Samrith Kimleang', 'M', 'student', '098527968', '1994-08-02', 'Battambang'),
(237, 'San Chhunheang', 'F', 'student', '098533969', '1994-08-03', 'Battambang'),
(238, 'Saran Kimseng', 'M', 'student', '098539970', '1994-08-04', 'Battambang'),
(239, 'Sen Sopheakdey', 'M', 'student', '098545971', '1994-08-05', 'Battambang'),
(240, 'Seng Sothyrin', 'M', 'student', '098551972', '1994-08-06', 'Battambang'),
(241, 'Sien Sophanita', 'F', 'student', '098557973', '1994-08-07', 'Battambang'),
(242, 'So  Titarita', 'F', 'student', '098563974', '1994-08-08', 'Battambang'),
(243, 'Sok Chandaravatey', 'F', 'student', '098569975', '1994-08-09', 'Battambang'),
(244, 'Som Chhay', 'M', 'student', '098575976', '1994-08-10', 'Battambang'),
(245, 'Som Sophy', 'F', 'student', '098581977', '1994-08-11', 'Battambang'),
(246, 'Somhun Chhengleang', 'F', 'student', '098587978', '1994-08-12', 'Battambang'),
(247, 'Song Sothida', 'F', 'student', '098593979', '1994-08-13', 'Battambang'),
(248, 'Sothea Builly', 'M', 'student', '098599980', '1994-08-14', 'Battambang'),
(249, 'Sovan Lyta', 'F', 'student', '098605981', '1994-08-15', 'Battambang'),
(250, 'Srun Sokpanha', 'M', 'student', '098611982', '1994-08-16', 'Battambang'),
(251, 'Sun Kakada', 'M', 'student', '098617983', '1994-08-17', 'Battambang'),
(252, 'Suy Liheng', '', 'student', '098623984', '1994-08-18', 'Battambang'),
(253, 'Thai Laychou', 'F', 'student', '098629985', '1994-08-19', 'Battambang'),
(254, 'Tim Vibol', 'M', 'student', '098635986', '1994-08-20', 'Battambang'),
(255, 'Tom Makara', 'M', 'student', '098641987', '1994-08-21', 'Battambang'),
(256, 'Touch Chanborey', 'F', 'student', '098647988', '1994-08-22', 'Battambang'),
(257, 'Treav SamyouEI', 'M', 'student', '098653989', '1994-08-23', 'Battambang'),
(258, 'Treav SamyouY', 'F', 'student', '098659990', '1994-08-24', 'Battambang'),
(259, 'Ty Lihour', 'M', 'student', '098665991', '1994-08-25', 'Battambang'),
(260, 'Ty Sodena', 'F', 'student', '098671992', '1994-08-26', 'Battambang'),
(261, 'Ung Kimheng', 'F', 'student', '098677993', '1994-08-27', 'Battambang'),
(262, 'Veasna Vansadoeng', 'M', 'student', '098683994', '1994-08-28', 'Battambang'),
(263, 'Vithea Sopheavy', 'F', 'student', '098689995', '1994-08-29', 'Battambang'),
(264, 'Vong Thidapov', 'F', 'student', '098695996', '1994-08-30', 'Battambang'),
(265, 'Ya Ngetsophat', 'M', 'student', '098701997', '1994-08-31', 'Battambang'),
(266, 'Yeam Tangyee', 'M', 'student', '098707998', '1994-09-01', 'Battambang'),
(267, 'Yin  Chhaiden', '', 'student', '098713999', '1994-09-02', 'Battambang'),
(268, 'Yonn Odom', 'M', 'student', '098720000', '1994-09-03', 'Battambang'),
(269, 'Chhay Sodine', '', 'student', '098726001', '1994-09-04', 'Battambang'),
(270, 'Chheng Dalin', 'F', 'student', '098732002', '1994-09-05', 'Battambang'),
(271, 'Chhot Tola', 'M', 'student', '098738003', '1994-09-06', 'Battambang'),
(272, 'Chhoun Theara', 'M', 'student', '098744004', '1994-09-07', 'Battambang'),
(273, 'Choup Kanha', 'F', 'student', '098750005', '1994-09-08', 'Battambang'),
(274, 'Dy  ChanReaksmey', 'F', 'student', '098756006', '1994-09-09', 'Battambang'),
(275, 'Hout Makara', 'M', 'student', '098762007', '1994-09-10', 'Battambang'),
(276, 'Hun Chanborey', 'F', 'student', '098768008', '1994-09-11', 'Battambang'),
(277, 'Joy Sothavuth', 'M', 'student', '098774009', '1994-09-12', 'Battambang'),
(278, 'Lam Kimhak', 'F', 'student', '098780010', '1994-09-13', 'Battambang'),
(279, 'Lay Monich', 'F', 'student', '098786011', '1994-09-14', 'Battambang'),
(280, 'Lim Lina', 'F', 'student', '098792012', '1994-09-15', 'Battambang'),
(281, 'Meas Sotheavy', 'F', 'student', '098798013', '1994-09-16', 'Battambang'),
(282, 'Meas Youry', 'F', 'student', '098804014', '1994-09-17', 'Battambang'),
(283, 'Mith Sokvimean', 'F', 'student', '098810015', '1994-09-18', 'Battambang'),
(284, 'Mong Lyching', 'F', 'student', '098816016', '1994-09-19', 'Battambang'),
(285, 'Mut Sokchanvirak', 'M', 'student', '098822017', '1994-09-20', 'Battambang'),
(286, 'Narin Heragn', 'M', 'student', '098828018', '1994-09-21', 'Battambang'),
(287, 'Neang Seila', 'M', 'student', '098834019', '1994-09-22', 'Battambang'),
(288, 'Nget Sokvisal', 'M', 'student', '098840020', '1994-09-23', 'Battambang'),
(289, 'Nov Chenda', 'F', 'student', '098846021', '1994-09-24', 'Battambang'),
(290, 'Ratha Sotharoth', '', 'student', '098852022', '1994-09-25', 'Battambang'),
(291, 'Reth Pisey', 'F', 'student', '098858023', '1994-09-26', 'Battambang'),
(292, 'Ron ChhoungEy', 'F', 'student', '098864024', '1994-09-27', 'Battambang'),
(293, 'Ron Seyhak', 'M', 'student', '098870025', '1994-09-28', 'Battambang'),
(294, 'Sin Sovannmony', 'M', 'student', '098876026', '1994-09-29', 'Battambang'),
(295, 'Som Seyhak', 'M', 'student', '098882027', '1994-09-30', 'Battambang'),
(296, 'Sophea TichPavann', 'F', 'student', '098888028', '1994-10-01', 'Battambang'),
(297, 'Teng Chhivly', 'F', 'student', '098894029', '1994-10-02', 'Battambang'),
(298, 'Theiv Tyvorn', 'M', 'student', '098900030', '1994-10-03', 'Battambang'),
(299, 'Van Savann', 'M', 'student', '098906031', '1994-10-04', 'Battambang'),
(300, 'Yan Vannak', 'M', 'student', '098912032', '1994-10-05', 'Battambang'),
(301, 'Yin Yuth', 'M', 'student', '098918033', '1994-10-06', 'Battambang'),
(302, 'Boeurn Reaksmey', 'F', 'student', '098924034', '1994-10-07', 'Battambang'),
(303, 'Chan  Sokhom', 'F', 'student', '098930035', '1994-10-08', 'Battambang'),
(304, 'Chan Hongchour', 'M', 'student', '098936036', '1994-10-09', 'Battambang'),
(305, 'Chhart Kunthea', 'F', 'student', '098942037', '1994-10-10', 'Battambang'),
(306, 'Chhean Patrick', 'M', 'student', '098948038', '1994-10-11', 'Battambang'),
(307, 'Chhom Solan', 'F', 'student', '098954039', '1994-10-12', 'Battambang'),
(308, 'Chhon Chealida', 'M', 'student', '098960040', '1994-10-13', 'Battambang'),
(309, 'Chhon Puthe', 'F', 'student', '098966041', '1994-10-14', 'Battambang'),
(310, 'Chork Bunthet', 'M', 'student', '098972042', '1994-10-15', 'Battambang'),
(311, 'Chorn Makara', 'M', 'student', '098978043', '1994-10-16', 'Battambang'),
(312, 'Dos Chenda', 'F', 'student', '098984044', '1994-10-17', 'Battambang'),
(313, 'Eam Sreytouch', 'F', 'student', '098990045', '1994-10-18', 'Battambang'),
(314, 'Eang Mony', 'M', 'student', '098996046', '1994-10-19', 'Battambang'),
(315, 'Hai Kunthea', 'F', 'student', '098002047', '1994-10-20', 'Battambang'),
(316, 'Heng Mengly', 'F', 'student', '098008048', '1994-10-21', 'Battambang'),
(317, 'Ho Layheang', 'M', 'student', '098014049', '1994-10-22', 'Battambang'),
(318, 'Hong Bora', '', 'student', '098020050', '1994-10-23', 'Battambang'),
(319, 'Huot Sokhum', 'M', 'student', '098026051', '1994-10-24', 'Battambang'),
(320, 'Kem Rida', 'F', 'student', '098032052', '1994-10-25', 'Battambang'),
(321, 'Keo Sokuntheara', 'M', 'student', '098038053', '1994-10-26', 'Battambang'),
(322, 'Khom Chhaya', 'M', 'student', '098044054', '1994-10-27', 'Battambang'),
(323, 'Khom Socheat', 'F', 'student', '098050055', '1994-10-28', 'Battambang'),
(324, 'Khom Sorng', 'F', 'student', '098056056', '1994-10-29', 'Battambang'),
(325, 'Kim Rathana', '', 'student', '098062057', '1994-10-30', 'Battambang'),
(326, 'Kim Sam Ou', 'M', 'student', '098068058', '1994-10-31', 'Battambang'),
(327, 'Kuy Lalin', 'F', 'student', '098074059', '1994-11-01', 'Battambang'),
(328, 'Lab Lika', 'F', 'student', '098080060', '1994-11-02', 'Battambang'),
(329, 'Lem Sokhondy', '', 'student', '098086061', '1994-11-03', 'Battambang'),
(330, 'Lenn Chantha', 'F', 'student', '098092062', '1994-11-04', 'Battambang'),
(331, 'Loem Veasna', 'M', 'student', '098098063', '1994-11-05', 'Battambang'),
(332, 'Ly LuonVannlyda', 'F', 'student', '098104064', '1994-11-06', 'Battambang'),
(333, 'Ly Rithy', 'M', 'student', '098110065', '1994-11-07', 'Battambang'),
(334, 'Mach Sambath', 'F', 'student', '098116066', '1994-11-08', 'Battambang'),
(335, 'Mao Sokna', 'F', 'student', '098122067', '1994-11-09', 'Battambang'),
(336, 'Mao Vichet', 'M', 'student', '098128068', '1994-11-10', 'Battambang'),
(337, 'Mey SekhaVattey', 'F', 'student', '098134069', '1994-11-11', 'Battambang'),
(338, 'Mony Ratha', 'M', 'student', '098140070', '1994-11-12', 'Battambang'),
(339, 'Morn Mala', 'F', 'student', '098146071', '1994-11-13', 'Battambang'),
(340, 'Morn Sophal', 'M', 'student', '098152072', '1994-11-14', 'Battambang'),
(341, 'Nhem Pidor', 'F', 'student', '098158073', '1994-11-15', 'Battambang'),
(342, 'Ourn Siemry', 'F', 'student', '098164074', '1994-11-16', 'Battambang'),
(343, 'phast Samnang', 'M', 'student', '098170075', '1994-11-17', 'Battambang'),
(344, 'Phay Phalleak', 'F', 'student', '098176076', '1994-11-18', 'Battambang'),
(345, 'Pheap Kraichakmony', 'M', 'student', '098182077', '1994-11-19', 'Battambang'),
(346, 'Phok Sreydyna', 'F', 'student', '098188078', '1994-11-20', 'Battambang'),
(347, 'Poun Rathana', 'F', 'student', '098194079', '1994-11-21', 'Battambang'),
(348, 'Proeun Khemrin', 'M', 'student', '098200080', '1994-11-22', 'Battambang'),
(349, 'Raeun Saory', 'M', 'student', '098206081', '1994-11-23', 'Battambang'),
(350, 'Reach Sokuntheara', 'M', 'student', '098212082', '1994-11-24', 'Battambang'),
(351, 'Roeun Chetra', 'F', 'student', '098218083', '1994-11-25', 'Battambang'),
(352, 'Rong Ratha', 'F', 'student', '098224084', '1994-11-26', 'Battambang'),
(353, 'Rueth Vongdy', 'F', 'student', '098230085', '1994-11-27', 'Battambang'),
(354, 'San Naseu', 'F', 'student', '098236086', '1994-11-28', 'Battambang'),
(355, 'Sara Samrong', 'M', 'student', '098242087', '1994-11-29', 'Battambang'),
(356, 'Sary Rofyna', 'F', 'student', '098248088', '1994-11-30', 'Battambang'),
(357, 'Sath Brosoeu', 'M', 'student', '098254089', '1994-12-01', 'Battambang'),
(358, 'Seng Dara', 'M', 'student', '098260090', '1994-12-02', 'Battambang'),
(359, 'Seun Belin', 'F', 'student', '098266091', '1994-12-03', 'Battambang'),
(360, 'Sim Sophon', 'M', 'student', '098272092', '1994-12-04', 'Battambang'),
(361, 'Sok Chanly', 'F', 'student', '098278093', '1994-12-05', 'Battambang'),
(362, 'Sorn San', 'M', 'student', '098284094', '1994-12-06', 'Battambang'),
(363, 'Sorn Touch', 'F', 'student', '098290095', '1994-12-07', 'Battambang'),
(364, 'Sun Lypheng', 'M', 'student', '098296096', '1994-12-08', 'Battambang'),
(365, 'Tan Chakriya', 'F', 'student', '098302097', '1994-12-09', 'Battambang'),
(366, 'Theary Reatrey', 'F', 'student', '098308098', '1994-12-10', 'Battambang'),
(367, 'Thuok Vannak', 'M', 'student', '098314099', '1994-12-11', 'Battambang'),
(368, 'Tieb Sina', 'F', 'student', '098320100', '1994-12-12', 'Battambang'),
(369, 'Tob Sreymom', 'F', 'student', '098326101', '1994-12-13', 'Battambang'),
(370, 'Ton Panha', 'F', 'student', '098332102', '1994-12-14', 'Battambang'),
(371, 'Vet Sony', '', 'student', '098338103', '1994-12-15', 'Battambang'),
(372, 'Vogn Kakada', 'F', 'student', '098344104', '1994-12-16', 'Battambang'),
(373, 'Vorn Sakana', 'F', 'student', '098350105', '1994-12-17', 'Battambang'),
(374, 'Voun Vorn', 'M', 'student', '098356106', '1994-12-18', 'Battambang'),
(375, 'Voy Rathana', 'M', 'student', '098362107', '1994-12-19', 'Battambang'),
(376, 'Vuth Chandaro', 'M', 'student', '098368108', '1994-12-20', 'Battambang'),
(377, 'Yan Moneyrath', 'F', 'student', '098374109', '1994-12-21', 'Battambang'),
(378, 'Yi Sokheng', 'M', 'student', '098380110', '1994-12-22', 'Battambang'),
(379, 'Yos Rathmony', 'M', 'student', '098386111', '1994-12-23', 'Battambang'),
(380, 'Chea Sophea', 'F', 'student', '098392112', '1994-12-24', 'Battambang'),
(381, 'Chenh Saorey', 'F', 'student', '098398113', '1994-12-25', 'Battambang'),
(382, 'Chet Sothea', 'M', 'student', '098404114', '1994-12-26', 'Battambang'),
(383, 'Chheat Nyra', 'F', 'student', '098410115', '1994-12-27', 'Battambang'),
(384, 'Chhoem Chanthou', 'F', 'student', '098416116', '1994-12-28', 'Battambang'),
(385, 'Chhorn Sreyvet', 'F', 'student', '098422117', '1994-12-29', 'Battambang'),
(386, 'Chhoy Kesor', 'F', 'student', '098428118', '1994-12-30', 'Battambang'),
(387, 'Chob Vibol', 'M', 'student', '098434119', '1994-12-31', 'Battambang'),
(388, 'Chum Pouv', 'M', 'student', '098440120', '1995-01-01', 'Battambang'),
(389, 'Dun Sambath', 'F', 'student', '098446121', '1995-01-02', 'Battambang'),
(390, 'Eath Rithy', 'M', 'student', '098452122', '1995-01-03', 'Battambang'),
(391, 'El TityPirun', 'M', 'student', '098458123', '1995-01-04', 'Battambang'),
(392, 'Hoeun Seyha', 'M', 'student', '098464124', '1995-01-05', 'Battambang'),
(393, 'Ket Pheary', 'F', 'student', '098470125', '1995-01-06', 'Battambang'),
(394, 'Khoeum Vinting', 'M', 'student', '098476126', '1995-01-07', 'Battambang'),
(395, 'Khon Vithey', 'F', 'student', '098482127', '1995-01-08', 'Battambang'),
(396, 'Khorn Sophat', 'M', 'student', '098488128', '1995-01-09', 'Battambang'),
(397, 'Kong Sengly', 'M', 'student', '098494129', '1995-01-10', 'Battambang'),
(398, 'Kor Sereyvath', 'M', 'student', '098500130', '1995-01-11', 'Battambang'),
(399, 'Kuirt Sreyleap', 'M', 'student', '098506131', '1995-01-12', 'Battambang'),
(400, 'Lanh Pharath', 'F', 'student', '098512132', '1995-01-13', 'Battambang'),
(401, 'Lem Kakada', 'F', 'student', '098518133', '1995-01-14', 'Battambang'),
(402, 'Long Rinnie', 'F', 'student', '098524134', '1995-01-15', 'Battambang'),
(403, 'Mao Seakmey', 'M', 'student', '098530135', '1995-01-16', 'Battambang'),
(404, 'Nang Sina', 'F', 'student', '098536136', '1995-01-17', 'Battambang'),
(405, 'Nel Maly', 'F', 'student', '098542137', '1995-01-18', 'Battambang'),
(406, 'Ngorn Samphors', 'F', 'student', '098548138', '1995-01-19', 'Battambang'),
(407, 'Nhao Patt', 'F', 'student', '098554139', '1995-01-20', 'Battambang'),
(408, 'Nou Chanthoeurn', 'F', 'student', '098560140', '1995-01-21', 'Battambang'),
(409, 'Noum Chhayroum', 'M', 'student', '098566141', '1995-01-22', 'Battambang'),
(410, 'Noun Kimheak', 'F', 'student', '098572142', '1995-01-23', 'Battambang'),
(411, 'Oeun Ang', 'M', 'student', '098578143', '1995-01-24', 'Battambang'),
(412, 'Oeurb Phanit', 'F', 'student', '098584144', '1995-01-25', 'Battambang'),
(413, 'Peng Makara', 'M', 'student', '098590145', '1995-01-26', 'Battambang'),
(414, 'Phan Thavy', 'F', 'student', '098596146', '1995-01-27', 'Battambang'),
(415, 'Phat Kunthea', 'F', 'student', '098602147', '1995-01-28', 'Battambang'),
(416, 'Phon Chanratanak', 'M', 'student', '098608148', '1995-01-29', 'Battambang'),
(417, 'Phon Piseth', 'M', 'student', '098614149', '1995-01-30', 'Battambang'),
(418, 'Pich Phearon', 'M', 'student', '098620150', '1995-01-31', 'Battambang'),
(419, 'Pov Chantha', 'M', 'student', '098626151', '1995-02-01', 'Battambang'),
(420, 'Prom Sonceu', 'F', 'student', '098632152', '1995-02-02', 'Battambang'),
(421, 'Rich Samnang', 'M', 'student', '098638153', '1995-02-03', 'Battambang'),
(422, 'Rin Sopheak', 'M', 'student', '098644154', '1995-02-04', 'Battambang'),
(423, 'Rithy Lida', 'F', 'student', '098650155', '1995-02-05', 'Battambang'),
(424, 'Ron Sinong', 'F', 'student', '098656156', '1995-02-06', 'Battambang'),
(425, 'Sam Ousa', 'M', 'student', '098662157', '1995-02-07', 'Battambang'),
(426, 'Sorn Saolin', 'F', 'student', '098668158', '1995-02-08', 'Battambang'),
(427, 'Sos Sreypov', 'F', 'student', '098674159', '1995-02-09', 'Battambang'),
(428, 'Soth Samret', 'M', 'student', '098680160', '1995-02-10', 'Battambang'),
(429, 'Suo Channan', 'M', 'student', '098686161', '1995-02-11', 'Battambang'),
(430, 'Thi Thatdy', 'F', 'student', '098692162', '1995-02-12', 'Battambang'),
(431, 'Thol Samnang', 'M', 'student', '098698163', '1995-02-13', 'Battambang'),
(432, 'Thon Romrithy', 'M', 'student', '098704164', '1995-02-14', 'Battambang'),
(433, 'Thorng Sokhen', 'F', 'student', '098710165', '1995-02-15', 'Battambang'),
(434, 'To Sotieng', 'F', 'student', '098716166', '1995-02-16', 'Battambang'),
(435, 'Ty Chhatdy', 'F', 'student', '098722167', '1995-02-17', 'Battambang'),
(436, 'Ung Sophen', 'F', 'student', '098728168', '1995-02-18', 'Battambang'),
(437, 'Van Bounna', 'F', 'student', '098734169', '1995-02-19', 'Battambang'),
(438, 'Vy Koemheang', 'F', 'student', '098740170', '1995-02-20', 'Battambang'),
(439, 'Yem Mina', 'M', 'student', '098746171', '1995-02-21', 'Battambang'),
(440, 'Yuth Bunchhoeurn', 'M', 'student', '098752172', '1995-02-22', 'Battambang'),
(441, 'Chan Chhorvan', 'F', 'student', '098758173', '1995-02-23', 'Battambang'),
(442, 'Chheang Kunthea', 'F', 'student', '098764174', '1995-02-24', 'Battambang'),
(443, 'Chheng Sothy', 'M', 'student', '098770175', '1995-02-25', 'Battambang'),
(444, 'Chou Muyleang', 'F', 'student', '098776176', '1995-02-26', 'Battambang'),
(445, 'Chum Sophon', 'M', 'student', '098782177', '1995-02-27', 'Battambang'),
(446, 'Eng Sovanchesda', 'M', 'student', '098788178', '1995-02-28', 'Battambang'),
(447, 'Houes Samnang', 'M', 'student', '098794179', '1995-03-01', 'Battambang'),
(448, 'Kea Ven', 'M', 'student', '098800180', '1995-03-02', 'Battambang'),
(449, 'Ken Sreyneang', 'F', 'student', '098806181', '1995-03-03', 'Battambang'),
(450, 'Khoun Sreyneat', 'F', 'student', '098812182', '1995-03-04', 'Battambang'),
(451, 'Lao Socheata', 'F', 'student', '098818183', '1995-03-05', 'Battambang'),
(452, 'Leak Meta', 'M', 'student', '098824184', '1995-03-06', 'Battambang'),
(453, 'Leam Linna', 'F', 'student', '098830185', '1995-03-07', 'Battambang'),
(454, 'Mom Litey', 'F', 'student', '098836186', '1995-03-08', 'Battambang'),
(455, 'Na Saty', 'F', 'student', '098842187', '1995-03-09', 'Battambang'),
(456, 'Por Sokcheng', 'F', 'student', '098848188', '1995-03-10', 'Battambang'),
(457, 'Reth Sreyroth', 'F', 'student', '098854189', '1995-03-11', 'Battambang'),
(458, 'Roeurth Norat', 'M', 'student', '098860190', '1995-03-12', 'Battambang'),
(459, 'Sarin Panha', 'M', 'student', '098866191', '1995-03-13', 'Battambang'),
(460, 'Sovith Sovanthy', 'M', 'student', '098872192', '1995-03-14', 'Battambang'),
(461, 'Thiv Pich', 'M', 'student', '098878193', '1995-03-15', 'Battambang'),
(462, 'Thoeurn Chenda', 'F', 'student', '098884194', '1995-03-16', 'Battambang'),
(463, 'Tiep Lina', 'F', 'student', '098890195', '1995-03-17', 'Battambang'),
(464, 'Ban Chanmenarath', 'F', 'student', '098896196', '1995-03-18', 'Battambang'),
(465, 'Boeun Tino', 'M', 'student', '098902197', '1995-03-19', 'Battambang'),
(466, 'Chea Dakalin', '', 'student', '098908198', '1995-03-20', 'Battambang'),
(467, 'Chheng Leakena', 'F', 'student', '098914199', '1995-03-21', 'Battambang'),
(468, 'Hean Ratha', 'F', 'student', '098920200', '1995-03-22', 'Battambang'),
(469, 'Hoem Lyva', 'F', 'student', '098926201', '1995-03-23', 'Battambang'),
(470, 'Pao Vireak', 'M', 'student', '098932202', '1995-03-24', 'Battambang'),
(471, 'Puth Teour', 'M', 'student', '098938203', '1995-03-25', 'Battambang'),
(472, 'Rorng Makara', 'M', 'student', '098944204', '1995-03-26', 'Battambang'),
(473, 'Thang Mithona', 'F', 'student', '098950205', '1995-03-27', 'Battambang'),
(474, 'Theav Liki', 'M', 'student', '098956206', '1995-03-28', 'Battambang'),
(475, 'Am sreyne', 'F', 'student', '083948388', '1999-02-10', 'btb'),
(476, 'Am sreyne', 'F', 'student', '098883388', '2000-07-17', 'btb'),
(477, 'Ang Soknim', 'F', 'UBB', '08384833', '2000-07-26', 'btb'),
(478, 'am sreyouk', 'F', 'IU', '093848334', '1993-03-12', 'btb'),
(479, 'Am dara', 'M', 'UBB', '09837473', '2000-07-07', 'btb');

-- --------------------------------------------------------

--
-- Table structure for table `tblstudy`
--

CREATE TABLE IF NOT EXISTS `tblstudy` (
  `id` bigint(20) NOT NULL AUTO_INCREMENT,
  `class_id` bigint(20) DEFAULT NULL,
  `student_id` bigint(20) DEFAULT NULL,
  `status` varchar(55) COLLATE utf8_bin DEFAULT NULL,
  PRIMARY KEY (`id`),
  KEY `student_id` (`student_id`) USING BTREE,
  KEY `class_id` (`class_id`) USING BTREE
) ENGINE=InnoDB  DEFAULT CHARSET=utf8 COLLATE=utf8_bin AUTO_INCREMENT=265 ;

--
-- Dumping data for table `tblstudy`
--

INSERT INTO `tblstudy` (`id`, `class_id`, `student_id`, `status`) VALUES
(1, 19, 25, NULL),
(2, 19, 86, NULL),
(3, 19, 90, NULL),
(4, 19, 155, NULL),
(5, 19, 215, NULL),
(6, 19, 216, NULL),
(7, 1, 246, NULL),
(8, 2, 246, NULL),
(9, 4, 245, NULL),
(10, 3, 180, NULL),
(11, 5, 223, NULL),
(12, 21, 243, NULL),
(13, 15, 358, NULL),
(15, 19, 6, NULL),
(16, 19, 7, NULL),
(17, 19, 8, NULL),
(18, 19, 9, NULL),
(19, 19, 10, NULL),
(20, 19, 11, NULL),
(21, 19, 12, NULL),
(22, 19, 13, NULL),
(23, 19, 14, NULL),
(24, 19, 15, NULL),
(25, 19, 16, NULL),
(26, 1, 17, NULL),
(27, 1, 18, NULL),
(28, 1, 19, NULL),
(29, 1, 20, NULL),
(30, 1, 21, NULL),
(31, 1, 22, NULL),
(32, 1, 23, NULL),
(33, 1, 24, NULL),
(34, 1, 42, NULL),
(35, 1, 26, NULL),
(36, 1, 27, NULL),
(37, 1, 28, NULL),
(38, 1, 29, NULL),
(39, 1, 30, NULL),
(40, 1, 31, NULL),
(41, 1, 32, NULL),
(42, 1, 33, NULL),
(43, 1, 34, NULL),
(44, 1, 35, NULL),
(45, 1, 36, NULL),
(46, 1, 37, NULL),
(47, 1, 38, NULL),
(48, 1, 39, NULL),
(49, 1, 40, NULL),
(50, 1, 41, NULL),
(51, 4, 43, NULL),
(52, 2, 44, NULL),
(53, 2, 45, NULL),
(54, 2, 46, NULL),
(55, 2, 47, NULL),
(56, 2, 48, NULL),
(57, 2, 49, NULL),
(58, 2, 50, NULL),
(59, 2, 51, NULL),
(60, 2, 52, NULL),
(61, 2, 53, NULL),
(62, 2, 54, NULL),
(63, 2, 55, NULL),
(64, 2, 56, NULL),
(65, 2, 57, NULL),
(66, 2, 58, NULL),
(67, 2, 59, NULL),
(68, 2, 60, NULL),
(69, 2, 61, NULL),
(70, 2, 62, NULL),
(71, 2, 63, NULL),
(72, 2, 64, NULL),
(73, 2, 65, NULL),
(74, 2, 66, NULL),
(75, 4, 67, NULL),
(76, 4, 68, NULL),
(77, 4, 69, NULL),
(78, 4, 70, NULL),
(79, 4, 71, NULL),
(80, 4, 72, NULL),
(81, 4, 73, NULL),
(82, 4, 74, NULL),
(83, 4, 75, NULL),
(84, 4, 76, NULL),
(85, 4, 77, NULL),
(86, 4, 78, NULL),
(87, 4, 79, NULL),
(88, 4, 80, NULL),
(89, 4, 81, NULL),
(90, 4, 82, NULL),
(91, 4, 83, NULL),
(92, 4, 84, NULL),
(93, 4, 85, NULL),
(94, 4, 93, NULL),
(95, 4, 87, NULL),
(96, 4, 88, NULL),
(97, 4, 89, NULL),
(98, 4, 92, NULL),
(99, 4, 91, NULL),
(100, 3, 94, NULL),
(101, 3, 95, NULL),
(102, 3, 96, NULL),
(103, 3, 97, NULL),
(104, 3, 98, NULL),
(105, 3, 99, NULL),
(106, 3, 100, NULL),
(107, 3, 101, NULL),
(108, 3, 102, NULL),
(109, 3, 103, NULL),
(110, 3, 104, NULL),
(111, 3, 105, NULL),
(112, 3, 106, NULL),
(113, 3, 107, NULL),
(114, 3, 108, NULL),
(115, 3, 109, NULL),
(116, 3, 110, NULL),
(117, 3, 111, NULL),
(118, 3, 112, NULL),
(119, 3, 113, NULL),
(120, 3, 114, NULL),
(121, 3, 115, NULL),
(122, 3, 116, NULL),
(123, 5, 117, NULL),
(124, 5, 118, NULL),
(125, 5, 119, NULL),
(126, 5, 120, NULL),
(127, 5, 121, NULL),
(128, 5, 122, NULL),
(129, 5, 123, NULL),
(130, 5, 124, NULL),
(131, 5, 125, NULL),
(132, 5, 126, NULL),
(133, 5, 127, NULL),
(134, 5, 128, NULL),
(135, 5, 129, NULL),
(136, 5, 130, NULL),
(137, 5, 131, NULL),
(138, 5, 132, NULL),
(139, 5, 133, NULL),
(140, 5, 134, NULL),
(141, 5, 135, NULL),
(142, 5, 136, NULL),
(143, 5, 137, NULL),
(144, 5, 138, NULL),
(145, 21, 139, NULL),
(146, 21, 140, NULL),
(147, 21, 141, NULL),
(148, 21, 142, NULL),
(149, 21, 143, NULL),
(150, 21, 144, NULL),
(151, 21, 145, NULL),
(152, 21, 146, NULL),
(153, 21, 147, NULL),
(154, 21, 148, NULL),
(155, 21, 149, NULL),
(156, 21, 150, NULL),
(157, 21, 151, NULL),
(158, 21, 152, NULL),
(159, 21, 153, NULL),
(160, 21, 154, NULL),
(161, 21, 159, NULL),
(162, 21, 156, NULL),
(163, 21, 157, NULL),
(164, 21, 158, NULL),
(165, 15, 160, NULL),
(166, 15, 161, NULL),
(167, 15, 162, NULL),
(168, 15, 163, NULL),
(169, 15, 164, NULL),
(170, 15, 165, NULL),
(171, 15, 166, NULL),
(172, 15, 167, NULL),
(173, 15, 168, NULL),
(174, 15, 169, NULL),
(175, 15, 170, NULL),
(176, 15, 171, NULL),
(177, 15, 172, NULL),
(178, 15, 173, NULL),
(179, 15, 174, NULL),
(180, 15, 175, NULL),
(181, 15, 176, NULL),
(182, 15, 177, NULL),
(183, 15, 178, NULL),
(184, 15, 179, NULL),
(185, 15, 180, NULL),
(186, 15, 181, NULL),
(187, 15, 182, NULL),
(188, 15, 183, NULL),
(189, 15, 184, NULL),
(190, 15, 185, NULL),
(192, 28, 186, NULL),
(193, 16, 187, NULL),
(194, 26, 188, NULL),
(196, 28, 190, NULL),
(197, 28, 191, NULL),
(198, 28, 192, NULL),
(199, 28, 193, NULL),
(200, 28, 194, NULL),
(201, 28, 195, NULL),
(202, 28, 196, NULL),
(203, 28, 197, NULL),
(204, 28, 198, NULL),
(205, 28, 199, NULL),
(206, 28, 200, NULL),
(207, 28, 201, NULL),
(208, 28, 202, NULL),
(209, 28, 203, NULL),
(210, 28, 204, NULL),
(211, 28, 205, NULL),
(212, 28, 206, NULL),
(213, 28, 207, NULL),
(214, 28, 208, NULL),
(215, 26, 209, NULL),
(216, 26, 210, NULL),
(217, 26, 211, NULL),
(218, 26, 212, NULL),
(219, 26, 213, NULL),
(220, 26, 214, NULL),
(221, 26, 215, NULL),
(222, 26, 216, NULL),
(223, 26, 217, NULL),
(224, 26, 218, NULL),
(225, 26, 219, NULL),
(226, 26, 220, NULL),
(227, 26, 221, NULL),
(228, 26, 222, NULL),
(229, 26, 223, NULL),
(230, 26, 224, NULL),
(231, 26, 225, NULL),
(232, 26, 226, NULL),
(233, 26, 227, NULL),
(234, 26, 228, NULL),
(235, 26, 229, NULL),
(236, 26, 230, NULL),
(237, 26, 231, NULL),
(238, 16, 232, NULL),
(239, 16, 233, NULL),
(240, 16, 234, NULL),
(241, 16, 235, NULL),
(242, 16, 236, NULL),
(243, 16, 237, NULL),
(244, 16, 238, NULL),
(245, 16, 239, NULL),
(246, 16, 240, NULL),
(247, 16, 241, NULL),
(248, 16, 242, NULL),
(249, 16, 243, NULL),
(250, 16, 244, NULL),
(251, 16, 245, NULL),
(252, 16, 246, NULL),
(253, 16, 247, NULL),
(254, 16, 248, NULL),
(255, 16, 249, NULL),
(256, 16, 250, NULL),
(257, 16, 251, NULL),
(258, 16, 252, NULL),
(259, 22, 83, NULL),
(260, 45, 206, NULL),
(261, 19, 39, NULL),
(262, 1, 39, NULL),
(263, 38, 39, NULL),
(264, 45, 45, NULL);

-- --------------------------------------------------------

--
-- Table structure for table `tbltime`
--

CREATE TABLE IF NOT EXISTS `tbltime` (
  `id` int(11) NOT NULL AUTO_INCREMENT,
  `time` varchar(55) COLLATE utf8_bin DEFAULT NULL,
  `type` varchar(55) COLLATE utf8_bin DEFAULT NULL,
  `description` varchar(255) COLLATE utf8_bin DEFAULT NULL,
  PRIMARY KEY (`id`)
) ENGINE=InnoDB  DEFAULT CHARSET=utf8 COLLATE=utf8_bin AUTO_INCREMENT=20 ;

--
-- Dumping data for table `tbltime`
--

INSERT INTO `tbltime` (`id`, `time`, `type`, `description`) VALUES
(1, '6:00 - 7:00 am', 'Weekday', ''),
(2, '9:00 - 10:00 am', 'Weekday', ''),
(3, '3:00 - 4:00 pm', 'Weekday', ''),
(4, '4:00 - 5:00 pm', 'Weekday', ''),
(5, '5:30 - 8:00 pm', 'Weekend', ''),
(7, '2:00 - 3:00 pm', 'Weekday', ''),
(8, '6:00 - 7:00 pm', 'Weekday', ''),
(9, '5:00 - 6:00 pm', 'Weekday', ''),
(10, '7:00 - 8:00 pm', 'Weekday', ''),
(11, '1:00 - 2:00 pm', 'Weekday', ''),
(12, '7:00 - 8:00 am', 'Weekday', ''),
(13, '8:00 - 9:00 am', 'Weekday', ''),
(14, '10:00 - 11:00 am', 'Weekday', ''),
(15, '3:00 - 5:30 pm', 'Weekend', ''),
(16, '12:30 - 3:00 pm', 'Weekend', ''),
(17, '10:00 am - 12:30 pm', 'Weekend', ''),
(18, '8:30 - 10:00 am', 'Weekend', ''),
(19, '6:00 - 8:30 am', 'Weekend', '');

-- --------------------------------------------------------

--
-- Table structure for table `users`
--

CREATE TABLE IF NOT EXISTS `users` (
  `id` int(11) NOT NULL AUTO_INCREMENT,
  `username` varchar(55) COLLATE utf8_bin NOT NULL,
  `password` varchar(100) COLLATE utf8_bin NOT NULL,
  `salt` varchar(55) COLLATE utf8_bin NOT NULL,
  `staff_id` int(11) DEFAULT NULL,
  `joined` datetime NOT NULL,
  `is_active` tinyint(1) NOT NULL DEFAULT '0',
  `group_id` int(11) DEFAULT NULL,
  PRIMARY KEY (`id`),
  KEY `staff_id` (`staff_id`) USING BTREE,
  KEY `group_id` (`group_id`) USING BTREE
) ENGINE=InnoDB  DEFAULT CHARSET=utf8 COLLATE=utf8_bin AUTO_INCREMENT=9 ;

--
-- Dumping data for table `users`
--

INSERT INTO `users` (`id`, `username`, `password`, `salt`, `staff_id`, `joined`, `is_active`, `group_id`) VALUES
(1, 'sarith', 'fcc99d0e02955202a6824ab5c8a36fc0ce7e930a4978284cd9fd0dcf4793dac9', 'ew=,h#1Rnt+h\r^i', 39, '2016-06-13 14:53:25', 1, 2),
(2, 'suchea', '9839846f583272dc36a0805b83ee053a1279e7f11c307776a9b57089ab8e34fb', 'f*l#t!rfVwECa!_*)#', 57, '2016-03-05 04:59:34', 1, 1),
(3, 'bunhong', '9bb33cfec7cdcd818c6c4d23c6fa2188c479362eabd6a1f3f94c73b498813eba', 'iR|oek''1jCrZj]Yq(', 19, '2016-07-05 04:31:56', 1, 3),
(4, 'makara', '4236f7e89bbb326e181682349bb93fe5072ea1e36d84916f24a78443e3c55d65', 'EZy&''GJFt0(?Z@,', 7, '2016-07-05 04:37:08', 1, 4),
(8, 'borath', '2c27f966640742e9a92b708b27b0b3cea60202a593b6a9e5cc99ba70bfd9e804', '.jz$"QFto', 31, '2016-07-08 11:10:02', 0, 3);

-- --------------------------------------------------------

--
-- Table structure for table `users_session`
--

CREATE TABLE IF NOT EXISTS `users_session` (
  `id` int(11) NOT NULL AUTO_INCREMENT,
  `user_id` int(11) DEFAULT NULL,
  `hash` varchar(100) COLLATE utf8_bin DEFAULT NULL,
  PRIMARY KEY (`id`),
  KEY `user_id` (`user_id`) USING BTREE
) ENGINE=InnoDB DEFAULT CHARSET=utf8 COLLATE=utf8_bin AUTO_INCREMENT=1 ;

-- --------------------------------------------------------

--
-- Stand-in structure for view `v_absent_report`
--
CREATE TABLE IF NOT EXISTS `v_absent_report` (
`name` varchar(100)
,`absent` bigint(21)
,`permission` bigint(21)
,`le` bigint(21)
,`class_id` bigint(20)
);
-- --------------------------------------------------------

--
-- Stand-in structure for view `v_atten_detail`
--
CREATE TABLE IF NOT EXISTS `v_atten_detail` (
`name` varchar(100)
,`id` bigint(20)
,`class_id` bigint(20)
,`status` varchar(10)
,`le_time` varchar(9)
,`date` date
,`reason` varchar(255)
);
-- --------------------------------------------------------

--
-- Stand-in structure for view `v_class_detail`
--
CREATE TABLE IF NOT EXISTS `v_class_detail` (
`id` bigint(20)
,`staff_name` varchar(100)
,`lv` varchar(55)
,`room` varchar(55)
,`time` varchar(55)
,`type` varchar(55)
,`semester` varchar(100)
,`breach_name` varchar(100)
);
-- --------------------------------------------------------

--
-- Stand-in structure for view `v_final_score`
--
CREATE TABLE IF NOT EXISTS `v_final_score` (
`name` varchar(100)
,`midterm` double(17,0)
,`promotion` double(17,0)
,`total` double(17,0)
,`class_id` bigint(20)
);
-- --------------------------------------------------------

--
-- Stand-in structure for view `v_log`
--
CREATE TABLE IF NOT EXISTS `v_log` (
`date` datetime
,`username` varchar(55)
,`name` varchar(100)
,`function` varchar(255)
,`action` varchar(255)
);
-- --------------------------------------------------------

--
-- Stand-in structure for view `v_paid_report`
--
CREATE TABLE IF NOT EXISTS `v_paid_report` (
`st_paid` bigint(21)
,`total_paid` double
,`semester` varchar(100)
,`breach_name` varchar(100)
,`lv` varchar(55)
,`semester_id` int(11)
,`breach_id` smallint(6)
,`level_id` int(11)
);
-- --------------------------------------------------------

--
-- Stand-in structure for view `v_pay_history`
--
CREATE TABLE IF NOT EXISTS `v_pay_history` (
`id` bigint(20)
,`study_id` bigint(20)
,`date` datetime
,`lv` varchar(55)
,`time` varchar(55)
,`type` varchar(55)
,`room` varchar(55)
,`staff_name` varchar(100)
,`semester_id` int(11)
,`breach_id` smallint(6)
,`pay_amount` float
,`name` varchar(100)
);
-- --------------------------------------------------------

--
-- Stand-in structure for view `v_student_paid`
--
CREATE TABLE IF NOT EXISTS `v_student_paid` (
`name` varchar(100)
,`gender` varchar(15)
,`phone` varchar(20)
,`dob` date
,`job` varchar(255)
,`payment_id` bigint(20)
,`date` datetime
,`semester_id` int(11)
,`level_id` int(11)
,`breach_id` smallint(6)
);
-- --------------------------------------------------------

--
-- Stand-in structure for view `v_study_detail`
--
CREATE TABLE IF NOT EXISTS `v_study_detail` (
`name` varchar(100)
,`gender` varchar(15)
,`job` varchar(255)
,`phone` varchar(20)
,`status` varchar(55)
,`class_id` bigint(20)
,`id` bigint(20)
,`student_id` bigint(20)
);
-- --------------------------------------------------------

--
-- Stand-in structure for view `v_users_detail`
--
CREATE TABLE IF NOT EXISTS `v_users_detail` (
`id` int(11)
,`username` varchar(55)
,`joined` datetime
,`name` varchar(100)
,`function` varchar(255)
,`group` varchar(100)
,`phone` varchar(20)
,`email` varchar(55)
,`address` varchar(255)
,`is_active` tinyint(1)
,`salt` varchar(55)
,`password` varchar(100)
,`staff_id` int(11)
,`group_id` int(11)
);
-- --------------------------------------------------------

--
-- Structure for view `v_absent_report`
--
DROP TABLE IF EXISTS `v_absent_report`;

CREATE ALGORITHM=UNDEFINED DEFINER=`root`@`localhost` SQL SECURITY DEFINER VIEW `v_absent_report` AS select `tblstudent`.`name` AS `name`,count((case when (`tblattendent`.`status` = 1) then 1 else NULL end)) AS `absent`,count((case when (`tblattendent`.`status` = 2) then 1 else NULL end)) AS `permission`,count((case when (`tblattendent`.`status` = 3) then 1 else NULL end)) AS `le`,`tblstudy`.`class_id` AS `class_id` from ((`tblstudy` join `tblstudent` on((`tblstudy`.`student_id` = `tblstudent`.`id`))) join `tblattendent` on((`tblattendent`.`study_id` = `tblstudy`.`id`))) group by `tblstudent`.`id` order by `tblstudent`.`name`;

-- --------------------------------------------------------

--
-- Structure for view `v_atten_detail`
--
DROP TABLE IF EXISTS `v_atten_detail`;

CREATE ALGORITHM=UNDEFINED DEFINER=`root`@`localhost` SQL SECURITY DEFINER VIEW `v_atten_detail` AS select `tblstudent`.`name` AS `name`,`tblstudy`.`id` AS `id`,`tblstudy`.`class_id` AS `class_id`,(select (case `tblattendent`.`status` when 1 then 'Absent' when 2 then 'Permission' when 3 then 'L / E' else '' end)) AS `status`,`tblattendent`.`le_time` AS `le_time`,`tblattendent`.`date` AS `date`,`tblattendent`.`reason` AS `reason` from ((`tblstudent` join `tblstudy` on((`tblstudy`.`student_id` = `tblstudent`.`id`))) join `tblattendent` on((`tblattendent`.`study_id` = `tblstudy`.`id`))) order by `tblstudent`.`name`;

-- --------------------------------------------------------

--
-- Structure for view `v_class_detail`
--
DROP TABLE IF EXISTS `v_class_detail`;

CREATE ALGORITHM=UNDEFINED DEFINER=`root`@`localhost` SQL SECURITY DEFINER VIEW `v_class_detail` AS select `tblclass`.`id` AS `id`,`tblstaff`.`name` AS `staff_name`,`tbllevel`.`lv` AS `lv`,`tblroom`.`room` AS `room`,`tbltime`.`time` AS `time`,`tbltime`.`type` AS `type`,`tblsemester`.`semester` AS `semester`,`tblbreach`.`name` AS `breach_name` from ((((((`tblclass` join `tblroom` on((`tblclass`.`room_id` = `tblroom`.`id`))) join `tbllevel` on((`tblclass`.`level_id` = `tbllevel`.`id`))) join `tblsemester` on((`tblclass`.`semester_id` = `tblsemester`.`id`))) join `tbltime` on((`tblclass`.`time_id` = `tbltime`.`id`))) join `tblbreach` on((`tblclass`.`breach_id` = `tblbreach`.`id`))) join `tblstaff` on((`tblclass`.`staff_id` = `tblstaff`.`id`))) where ((`tblclass`.`semester_id` = 4) and (`tblclass`.`breach_id` = 1));

-- --------------------------------------------------------

--
-- Structure for view `v_final_score`
--
DROP TABLE IF EXISTS `v_final_score`;

CREATE ALGORITHM=UNDEFINED DEFINER=`root`@`localhost` SQL SECURITY DEFINER VIEW `v_final_score` AS select `tblstudent`.`name` AS `name`,round(sum((case when (`tblscore`.`term` = 1) then ((((((`tblscore`.`asg` + `tblscore`.`read_pro`) + `tblscore`.`speak`) + `tblscore`.`gram`) + `tblscore`.`listen`) + `tblscore`.`read`) + `tblscore`.`write`) else NULL end)),0) AS `midterm`,round(sum((case when (`tblscore`.`term` = 2) then ((((((`tblscore`.`asg` + `tblscore`.`read_pro`) + `tblscore`.`speak`) + `tblscore`.`gram`) + `tblscore`.`listen`) + `tblscore`.`read`) + `tblscore`.`write`) else NULL end)),0) AS `promotion`,round((sum(((((((`tblscore`.`asg` + `tblscore`.`read_pro`) + `tblscore`.`speak`) + `tblscore`.`gram`) + `tblscore`.`listen`) + `tblscore`.`read`) + `tblscore`.`write`)) / 2),0) AS `total`,`tblstudy`.`class_id` AS `class_id` from ((`tblstudy` join `tblstudent` on((`tblstudy`.`student_id` = `tblstudent`.`id`))) join `tblscore` on((`tblscore`.`study_id` = `tblstudy`.`id`))) group by `tblstudent`.`id` order by `tblstudent`.`name`;

-- --------------------------------------------------------

--
-- Structure for view `v_log`
--
DROP TABLE IF EXISTS `v_log`;

CREATE ALGORITHM=UNDEFINED DEFINER=`root`@`localhost` SQL SECURITY DEFINER VIEW `v_log` AS select `tbllog`.`date` AS `date`,`users`.`username` AS `username`,`tblstaff`.`name` AS `name`,`tblstaff`.`function` AS `function`,`tbllog`.`action` AS `action` from ((`tbllog` join `users` on((`tbllog`.`user_id` = `users`.`id`))) join `tblstaff` on((`users`.`staff_id` = `tblstaff`.`id`))) order by `tbllog`.`date` desc limit 500;

-- --------------------------------------------------------

--
-- Structure for view `v_paid_report`
--
DROP TABLE IF EXISTS `v_paid_report`;

CREATE ALGORITHM=UNDEFINED DEFINER=`root`@`localhost` SQL SECURITY DEFINER VIEW `v_paid_report` AS select count(`tblpayment`.`study_id`) AS `st_paid`,sum(`tblpayment`.`pay_amount`) AS `total_paid`,`tblsemester`.`semester` AS `semester`,`tblbreach`.`name` AS `breach_name`,`tbllevel`.`lv` AS `lv`,`tblclass`.`semester_id` AS `semester_id`,`tblclass`.`breach_id` AS `breach_id`,`tblclass`.`level_id` AS `level_id` from (((((`tblpayment` join `tblstudy` on((`tblpayment`.`study_id` = `tblstudy`.`id`))) join `tblclass` on((`tblstudy`.`class_id` = `tblclass`.`id`))) join `tblsemester` on((`tblclass`.`semester_id` = `tblsemester`.`id`))) join `tbllevel` on((`tblclass`.`level_id` = `tbllevel`.`id`))) join `tblbreach` on((`tblclass`.`breach_id` = `tblbreach`.`id`))) group by `tblclass`.`semester_id`,`tblclass`.`level_id`,`tblclass`.`breach_id`;

-- --------------------------------------------------------

--
-- Structure for view `v_pay_history`
--
DROP TABLE IF EXISTS `v_pay_history`;

CREATE ALGORITHM=UNDEFINED DEFINER=`root`@`localhost` SQL SECURITY DEFINER VIEW `v_pay_history` AS select `tblpayment`.`id` AS `id`,`tblpayment`.`study_id` AS `study_id`,`tblpayment`.`date` AS `date`,`tbllevel`.`lv` AS `lv`,`tbltime`.`time` AS `time`,`tbltime`.`type` AS `type`,`tblroom`.`room` AS `room`,`tblstaff`.`name` AS `staff_name`,`tblclass`.`semester_id` AS `semester_id`,`tblclass`.`breach_id` AS `breach_id`,`tblpayment`.`pay_amount` AS `pay_amount`,`tblstudent`.`name` AS `name` from ((((((((`tblstudy` join `tblclass` on((`tblstudy`.`class_id` = `tblclass`.`id`))) join `tbllevel` on((`tblclass`.`level_id` = `tbllevel`.`id`))) join `tbltime` on((`tblclass`.`time_id` = `tbltime`.`id`))) join `tblroom` on((`tblclass`.`room_id` = `tblroom`.`id`))) join `tblpayment` on((`tblpayment`.`study_id` = `tblstudy`.`id`))) join `users` on((`tblpayment`.`user_id` = `users`.`id`))) join `tblstaff` on((`users`.`staff_id` = `tblstaff`.`id`))) join `tblstudent` on((`tblstudy`.`student_id` = `tblstudent`.`id`)));

-- --------------------------------------------------------

--
-- Structure for view `v_student_paid`
--
DROP TABLE IF EXISTS `v_student_paid`;

CREATE ALGORITHM=UNDEFINED DEFINER=`root`@`localhost` SQL SECURITY DEFINER VIEW `v_student_paid` AS select `tblstudent`.`name` AS `name`,`tblstudent`.`gender` AS `gender`,`tblstudent`.`phone` AS `phone`,`tblstudent`.`dob` AS `dob`,`tblstudent`.`job` AS `job`,`tblpayment`.`id` AS `payment_id`,`tblpayment`.`date` AS `date`,`tblclass`.`semester_id` AS `semester_id`,`tblclass`.`level_id` AS `level_id`,`tblclass`.`breach_id` AS `breach_id` from (((`tblstudent` join `tblstudy` on((`tblstudy`.`student_id` = `tblstudent`.`id`))) join `tblpayment` on((`tblpayment`.`study_id` = `tblstudy`.`id`))) join `tblclass` on((`tblstudy`.`class_id` = `tblclass`.`id`)));

-- --------------------------------------------------------

--
-- Structure for view `v_study_detail`
--
DROP TABLE IF EXISTS `v_study_detail`;

CREATE ALGORITHM=UNDEFINED DEFINER=`root`@`localhost` SQL SECURITY DEFINER VIEW `v_study_detail` AS select `tblstudent`.`name` AS `name`,`tblstudent`.`gender` AS `gender`,`tblstudent`.`job` AS `job`,`tblstudent`.`phone` AS `phone`,`tblstudy`.`status` AS `status`,`tblstudy`.`class_id` AS `class_id`,`tblstudy`.`id` AS `id`,`tblstudy`.`student_id` AS `student_id` from (`tblstudy` join `tblstudent` on((`tblstudy`.`student_id` = `tblstudent`.`id`))) order by `tblstudent`.`name`;

-- --------------------------------------------------------

--
-- Structure for view `v_users_detail`
--
DROP TABLE IF EXISTS `v_users_detail`;

CREATE ALGORITHM=UNDEFINED DEFINER=`root`@`localhost` SQL SECURITY DEFINER VIEW `v_users_detail` AS select `users`.`id` AS `id`,`users`.`username` AS `username`,`users`.`joined` AS `joined`,`tblstaff`.`name` AS `name`,`tblstaff`.`function` AS `function`,`groups`.`group` AS `group`,`tblstaff`.`phone` AS `phone`,`tblstaff`.`email` AS `email`,`tblstaff`.`address` AS `address`,`users`.`is_active` AS `is_active`,`users`.`salt` AS `salt`,`users`.`password` AS `password`,`users`.`staff_id` AS `staff_id`,`users`.`group_id` AS `group_id` from ((`users` join `tblstaff` on((`users`.`staff_id` = `tblstaff`.`id`))) join `groups` on((`users`.`group_id` = `groups`.`id`)));

--
-- Constraints for dumped tables
--

--
-- Constraints for table `tblattendent`
--
ALTER TABLE `tblattendent`
  ADD CONSTRAINT `tblattendent_ibfk_1` FOREIGN KEY (`study_id`) REFERENCES `tblstudy` (`id`);

--
-- Constraints for table `tblclass`
--
ALTER TABLE `tblclass`
  ADD CONSTRAINT `tblclass_ibfk_1` FOREIGN KEY (`level_id`) REFERENCES `tbllevel` (`id`),
  ADD CONSTRAINT `tblclass_ibfk_2` FOREIGN KEY (`room_id`) REFERENCES `tblroom` (`id`),
  ADD CONSTRAINT `tblclass_ibfk_3` FOREIGN KEY (`semester_id`) REFERENCES `tblsemester` (`id`),
  ADD CONSTRAINT `tblclass_ibfk_4` FOREIGN KEY (`time_id`) REFERENCES `tbltime` (`id`),
  ADD CONSTRAINT `tblclass_ibfk_5` FOREIGN KEY (`breach_id`) REFERENCES `tblbreach` (`id`),
  ADD CONSTRAINT `tblclass_ibfk_6` FOREIGN KEY (`staff_id`) REFERENCES `tblstaff` (`id`);

--
-- Constraints for table `tbllog`
--
ALTER TABLE `tbllog`
  ADD CONSTRAINT `tbllog_ibfk_1` FOREIGN KEY (`user_id`) REFERENCES `users` (`id`);

--
-- Constraints for table `tblpayment`
--
ALTER TABLE `tblpayment`
  ADD CONSTRAINT `tblpayment_ibfk_1` FOREIGN KEY (`user_id`) REFERENCES `users` (`id`),
  ADD CONSTRAINT `tblpayment_ibfk_2` FOREIGN KEY (`study_id`) REFERENCES `tblstudy` (`id`);

--
-- Constraints for table `tblscore`
--
ALTER TABLE `tblscore`
  ADD CONSTRAINT `tblscore_ibfk_1` FOREIGN KEY (`study_id`) REFERENCES `tblstudy` (`id`);

--
-- Constraints for table `tblsecurity`
--
ALTER TABLE `tblsecurity`
  ADD CONSTRAINT `tblsecurity_ibfk_1` FOREIGN KEY (`group_id`) REFERENCES `groups` (`id`),
  ADD CONSTRAINT `tblsecurity_ibfk_2` FOREIGN KEY (`operator_id`) REFERENCES `tbloperation` (`id`);

--
-- Constraints for table `tblstudy`
--
ALTER TABLE `tblstudy`
  ADD CONSTRAINT `tblstudy_ibfk_1` FOREIGN KEY (`class_id`) REFERENCES `tblclass` (`id`),
  ADD CONSTRAINT `tblstudy_ibfk_2` FOREIGN KEY (`student_id`) REFERENCES `tblstudent` (`id`);

--
-- Constraints for table `users`
--
ALTER TABLE `users`
  ADD CONSTRAINT `users_ibfk_1` FOREIGN KEY (`group_id`) REFERENCES `groups` (`id`),
  ADD CONSTRAINT `users_ibfk_2` FOREIGN KEY (`staff_id`) REFERENCES `tblstaff` (`id`);

--
-- Constraints for table `users_session`
--
ALTER TABLE `users_session`
  ADD CONSTRAINT `users_session_ibfk_1` FOREIGN KEY (`user_id`) REFERENCES `users` (`id`);

/*!40101 SET CHARACTER_SET_CLIENT=@OLD_CHARACTER_SET_CLIENT */;
/*!40101 SET CHARACTER_SET_RESULTS=@OLD_CHARACTER_SET_RESULTS */;
/*!40101 SET COLLATION_CONNECTION=@OLD_COLLATION_CONNECTION */;
